ID,Sub_System,STEP,UNIT,PERSON,DESCRIPTION,Remark,User_Log,RECEIVED_DATE
1192,1000-01,Execution Activities,CONTRACTOR,واحد اجرایی کیسون ,در حال تکمیل فعالیتهای اجرایی,,KCC07A\a.naseri -- 2025-11-27 15:20:36,11/20/2025 12:00:00 AM
1193,1000-02,Execution Activities,CONTRACTOR,واحد اجرایی کیسون ,در حال تکمیل فعالیتهای اجرایی,,KCC07A\a.naseri -- 2025-12-04 14:12:46,12/4/2025 12:00:00 AM
1194,1000-03,Execution Activities,CONTRACTOR,واحد اجرایی کیسون ,در حال تکمیل فعالیتهای اجرایی,,KCC07A\a.naseri -- 2025-12-04 14:12:46,12/4/2025 12:00:00 AM
1196,120-01,Execution Activities,CONTRACTOR,واحد اجرایی کیسون ,در حال تکمیل فعالیتهای اجرایی,,KCC07A\a.naseri -- 2025-11-29 06:47:12,10/19/2025 12:00:00 AM
1197,120-02,Execution Activities,CONTRACTOR,واحد اجرایی کیسون ,در حال تکمیل فعالیتهای اجرایی,,KCC07A\a.naseri -- 2025-11-29 06:47:12,10/4/2025 12:00:00 AM
1198,120-03,Execution Activities,CONTRACTOR,واحد اجرایی کیسون ,در حال تکمیل فعالیتهای اجرایی,,KCC07A\a.naseri -- 2025-11-29 06:47:12,10/4/2025 12:00:00 AM
1199,120-04,Execution Activities,CONTRACTOR,واحد اجرایی کیسون ,در حال تکمیل فعالیتهای اجرایی,,KCC07A\a.naseri -- 2025-11-29 06:47:12,10/4/2025 12:00:00 AM
1200,120-05,Execution Activities,CONTRACTOR,واحد اجرایی کیسون ,در حال تکمیل فعالیتهای اجرایی,,KCC07A\a.naseri -- 2025-11-29 06:47:12,10/4/2025 12:00:00 AM
1201,120-06,Execution Activities,CONTRACTOR,واحد اجرایی کیسون ,در حال تکمیل فعالیتهای اجرایی,,KCC07A\a.naseri -- 2025-11-29 06:47:12,10/4/2025 12:00:00 AM
1202,120-07,Execution Activities,CONTRACTOR,واحد اجرایی کیسون ,در حال تکمیل فعالیتهای اجرایی,,KCC07A\a.naseri -- 2025-12-04 14:12:46,12/4/2025 12:00:00 AM
1203,120-08,Execution Activities,CONTRACTOR,واحد اجرایی کیسون ,در حال تکمیل فعالیتهای اجرایی,,KCC07A\a.naseri -- 2025-12-04 14:12:46,12/4/2025 12:00:00 AM
1204,120-09,Execution Activities,CONTRACTOR,واحد اجرایی کیسون ,در حال تکمیل فعالیتهای اجرایی,,KCC07A\a.naseri -- 2025-11-29 06:47:12,10/17/2025 12:00:00 AM
1205,120-10,Execution Activities,CONTRACTOR,واحد اجرایی کیسون ,در حال تکمیل فعالیتهای اجرایی,,KCC07A\a.naseri -- 2025-11-29 06:47:12,10/17/2025 12:00:00 AM
1206,120-11,Execution Activities,CONTRACTOR,واحد اجرایی کیسون ,در حال تکمیل فعالیتهای اجرایی,,KCC07A\a.naseri -- 2025-11-29 06:47:12,10/17/2025 12:00:00 AM
1207,120-12,Execution Activities,CONTRACTOR,واحد اجرایی کیسون ,در حال تکمیل فعالیتهای اجرایی,,KCC07A\a.naseri -- 2025-11-29 06:47:12,11/22/2025 12:00:00 AM
1208,120-13,Execution Activities,CONTRACTOR,واحد اجرایی کیسون ,در حال تکمیل فعالیتهای اجرایی,,KCC07A\a.naseri -- 2025-11-29 06:47:12,8/30/2025 12:00:00 AM
1209,120-13,FORM A,CONTRACTOR,واحد H.O.S کیسون,آماده سازی و ارسال,,KCC07A\a.naseri -- 2025-11-29 06:44:59,8/31/2025 12:00:00 AM
1210,120-13,FORM A,PRECOM,واحد پیش راه اندازی سبلان,بررسی جهت تائید ,دکتر قلی نژاد,KCC07A\a.naseri -- 2025-10-15 15:33:52,9/1/2025 12:00:00 AM
1211,120-13,FORM A,TPA,TPA (IEI),پانچ گذاری,مهندس شاه پرست,KCC07A\a.naseri -- 2025-10-15 15:33:01,9/2/2025 12:00:00 AM
1212,120-13,FORM B,CONTRACTOR,واحد H.O.S کیسون,دریافت جهت بررسی و ثبت پانچ,,KCC07A\a.naseri -- 2025-09-26 09:06:49,9/9/2025 12:00:00 AM
1213,120-13,FORM B,CONTRACTOR,پیمانکاری هاشمی,دریافت جهت رفع پانچ,,KCC07A\a.naseri -- 2025-09-26 09:06:49,9/10/2025 12:00:00 AM
1214,120-14,Execution Activities,CONTRACTOR,واحد اجرایی کیسون ,در حال تکمیل فعالیتهای اجرایی,,KCC07A\a.naseri -- 2025-12-04 14:12:46,12/4/2025 12:00:00 AM
1215,120-15,Execution Activities,CONTRACTOR,واحد اجرایی کیسون ,در حال تکمیل فعالیتهای اجرایی,,KCC07A\a.naseri -- 2025-11-29 06:47:12,8/31/2025 12:00:00 AM
1216,120-15,FORM A,CONTRACTOR,واحد H.O.S کیسون,آماده سازی و ارسال,,KCC07A\a.naseri -- 2025-11-29 06:44:59,9/1/2025 12:00:00 AM
1217,120-15,FORM A,PRECOM,واحد پیش راه اندازی سبلان,بررسی جهت تائید ,دکتر قلی نژاد,KCC07A\a.naseri -- 2025-10-15 15:33:53,9/2/2025 12:00:00 AM
1218,120-15,FORM A,TPA,TPA (IEI),پانچ گذاری,مهندس شاه پرست,KCC07A\a.naseri -- 2025-10-15 15:33:01,9/3/2025 12:00:00 AM
1219,120-15,FORM B,CONTRACTOR,واحد H.O.S کیسون,دریافت جهت بررسی و ثبت پانچ,,KCC07A\a.naseri -- 2025-09-26 09:06:49,9/9/2025 12:00:00 AM
1220,120-15,FORM B,CONTRACTOR,شرکت نیرو آرا اندیش,دریافت جهت رفع پانچ,,KCC07A\a.naseri -- 2025-09-26 09:06:49,9/10/2025 12:00:00 AM
1221,120-16,Execution Activities,CONTRACTOR,واحد اجرایی کیسون ,در حال تکمیل فعالیتهای اجرایی,,KCC07A\a.naseri -- 2025-11-29 06:47:12,6/8/2025 12:00:00 AM
1222,120-16,FORM A,CONTRACTOR,واحد H.O.S کیسون,آماده سازی و ارسال,,KCC07A\a.naseri -- 2025-11-29 06:44:59,6/9/2025 12:00:00 AM
1223,120-16,FORM A,PRECOM,واحد پیش راه اندازی سبلان,بررسی جهت تائید ,دکتر قلی نژاد,KCC07A\a.naseri -- 2025-10-15 15:33:53,6/10/2025 12:00:00 AM
1224,120-16,FORM A,TPA,TPA (IEI),پانچ گذاری,مهندس شاه پرست,KCC07A\a.naseri -- 2025-10-15 15:33:01,6/11/2025 12:00:00 AM
1225,120-16,FORM B,CONTRACTOR,واحد H.O.S کیسون,دریافت جهت بررسی و ثبت پانچ,,KCC07A\a.naseri -- 2025-09-26 09:06:49,6/26/2025 12:00:00 AM
1226,120-16,FORM B,CONTRACTOR,شرکت نیرو آرا اندیش,دریافت جهت رفع پانچ,,KCC07A\a.naseri -- 2025-09-26 09:06:49,6/27/2025 12:00:00 AM
1227,120-16,FORM C,CONTRACTOR,واحد H.O.S کیسون,آماده سازی و ارسال فرم C,,KCC07A\a.naseri -- 2025-09-26 09:06:49,9/21/2025 12:00:00 AM
1228,120-16,FORM C,PRECOM,واحد پیش راه اندازی سبلان,بررسی جهت تائید نهایی,دکتر قلی نژاد,KCC07A\a.naseri -- 2025-10-15 15:34:08,9/22/2025 12:00:00 AM
1229,120-17,Execution Activities,CONTRACTOR,واحد اجرایی کیسون ,در حال تکمیل فعالیتهای اجرایی,,KCC07A\a.naseri -- 2025-11-29 06:47:12,6/8/2025 12:00:00 AM
1230,120-17,FORM A,CONTRACTOR,واحد H.O.S کیسون,آماده سازی و ارسال,,KCC07A\a.naseri -- 2025-11-29 06:44:59,6/9/2025 12:00:00 AM
1231,120-17,FORM A,PRECOM,واحد پیش راه اندازی سبلان,بررسی جهت تائید ,دکتر قلی نژاد,KCC07A\a.naseri -- 2025-10-15 15:33:53,6/10/2025 12:00:00 AM
1232,120-17,FORM A,TPA,TPA (IEI),پانچ گذاری,مهندس شاه پرست,KCC07A\a.naseri -- 2025-10-15 15:33:01,6/11/2025 12:00:00 AM
1233,120-17,FORM B,CONTRACTOR,واحد H.O.S کیسون,دریافت جهت بررسی و ثبت پانچ,,KCC07A\a.naseri -- 2025-09-26 09:06:49,6/26/2025 12:00:00 AM
1234,120-17,FORM B,CONTRACTOR,شرکت نیرو آرا اندیش,دریافت جهت رفع پانچ,,KCC07A\a.naseri -- 2025-09-26 09:06:49,6/27/2025 12:00:00 AM
1235,120-17,FORM C,CONTRACTOR,واحد H.O.S کیسون,آماده سازی و ارسال فرم C,,KCC07A\a.naseri -- 2025-09-26 09:06:49,9/18/2025 12:00:00 AM
1236,120-17,FORM C,PRECOM,واحد پیش راه اندازی سبلان,بررسی جهت تائید نهایی,دکتر قلی نژاد,KCC07A\a.naseri -- 2025-10-15 15:34:08,9/19/2025 12:00:00 AM
1237,120-18,Execution Activities,CONTRACTOR,واحد اجرایی کیسون ,در حال تکمیل فعالیتهای اجرایی,,KCC07A\a.naseri -- 2025-11-29 06:47:12,8/25/2025 12:00:00 AM
1238,120-18,FORM A,CONTRACTOR,واحد H.O.S کیسون,آماده سازی و ارسال,,KCC07A\a.naseri -- 2025-11-29 06:44:59,8/26/2025 12:00:00 AM
1239,120-18,FORM A,PRECOM,واحد پیش راه اندازی سبلان,بررسی جهت تائید ,دکتر قلی نژاد,KCC07A\a.naseri -- 2025-10-15 15:33:49,8/27/2025 12:00:00 AM
1240,120-18,FORM A,TPA,TPA (IEI),پانچ گذاری,مهندس شاه پرست,KCC07A\a.naseri -- 2025-10-15 15:33:01,8/28/2025 12:00:00 AM
1241,120-18,FORM B,CONTRACTOR,واحد H.O.S کیسون,دریافت جهت بررسی و ثبت پانچ,,KCC07A\a.naseri -- 2025-09-26 09:06:49,9/9/2025 12:00:00 AM
1242,120-18,FORM B,CONTRACTOR,شرکت نیرو آرا اندیش,دریافت جهت رفع پانچ,,KCC07A\a.naseri -- 2025-09-26 09:06:49,9/10/2025 12:00:00 AM
1243,2000-01,Execution Activities,CONTRACTOR,واحد اجرایی کیسون ,در حال تکمیل فعالیتهای اجرایی,,KCC07A\a.naseri -- 2025-11-27 15:20:36,11/20/2025 12:00:00 AM
1244,2000-02,Execution Activities,CONTRACTOR,واحد اجرایی کیسون ,در حال تکمیل فعالیتهای اجرایی,,KCC07A\a.naseri -- 2025-12-04 14:12:46,12/4/2025 12:00:00 AM
1245,2000-03,Execution Activities,CONTRACTOR,واحد اجرایی کیسون ,در حال تکمیل فعالیتهای اجرایی,,KCC07A\a.naseri -- 2025-12-04 14:12:46,12/4/2025 12:00:00 AM
1246,2000-04,Execution Activities,CONTRACTOR,واحد اجرایی کیسون ,در حال تکمیل فعالیتهای اجرایی,,KCC07A\a.naseri -- 2025-12-04 14:12:46,12/4/2025 12:00:00 AM
1247,2000-05,Execution Activities,CONTRACTOR,واحد اجرایی کیسون ,در حال تکمیل فعالیتهای اجرایی,,KCC07A\a.naseri -- 2025-11-27 15:20:36,11/20/2025 12:00:00 AM
1248,2000-06,Execution Activities,CONTRACTOR,واحد اجرایی کیسون ,در حال تکمیل فعالیتهای اجرایی,,KCC07A\a.naseri -- 2025-11-29 06:47:12,11/8/2025 12:00:00 AM
1249,3000-01,Execution Activities,CONTRACTOR,واحد اجرایی کیسون ,در حال تکمیل فعالیتهای اجرایی,,KCC07A\a.naseri -- 2025-11-29 06:47:12,11/24/2025 12:00:00 AM
1250,3000-02,Execution Activities,CONTRACTOR,واحد اجرایی کیسون ,در حال تکمیل فعالیتهای اجرایی,,KCC07A\a.naseri -- 2025-12-04 14:12:46,12/4/2025 12:00:00 AM
1251,3000-03,Execution Activities,CONTRACTOR,واحد اجرایی کیسون ,در حال تکمیل فعالیتهای اجرایی,7 زونکن,KCC07A\S.Baratianmehr -- 2025-12-02 09:46:36,11/20/2025 12:00:00 AM
1252,3000-04,Execution Activities,CONTRACTOR,واحد اجرایی کیسون ,در حال تکمیل فعالیتهای اجرایی,,KCC07A\a.naseri -- 2025-11-29 06:47:12,11/8/2025 12:00:00 AM
1253,4000-01,Execution Activities,CONTRACTOR,واحد اجرایی کیسون ,در حال تکمیل فعالیتهای اجرایی,,KCC07A\a.naseri -- 2025-11-29 06:47:12,9/3/2025 12:00:00 AM
1254,4000-01,FORM A,CONTRACTOR,واحد H.O.S کیسون,آماده سازی و ارسال,3 زونکن,KCC07A\S.Baratianmehr -- 2025-12-01 18:08:54,9/4/2025 12:00:00 AM
1255,4000-01,FORM A,PRECOM,واحد پیش راه اندازی سبلان,بررسی جهت تائید ,دکتر قلی نژاد,KCC07A\a.naseri -- 2025-10-15 15:33:50,9/5/2025 12:00:00 AM
1256,4000-01,FORM A,TPA,TPA (IEI),پانچ گذاری,TPA (IEI),KCC07A\a.naseri -- 2025-10-15 15:33:01,9/6/2025 12:00:00 AM
1257,4000-02,Execution Activities,CONTRACTOR,واحد اجرایی کیسون ,در حال تکمیل فعالیتهای اجرایی,,KCC07A\a.naseri -- 2025-12-04 14:12:46,12/4/2025 12:00:00 AM
1258,4000-03,Execution Activities,CONTRACTOR,واحد اجرایی کیسون ,در حال تکمیل فعالیتهای اجرایی,,KCC07A\a.naseri -- 2025-11-29 06:47:12,11/8/2025 12:00:00 AM
1259,4000-04,Execution Activities,CONTRACTOR,واحد اجرایی کیسون ,در حال تکمیل فعالیتهای اجرایی,,KCC07A\a.naseri -- 2025-12-04 14:12:46,12/4/2025 12:00:00 AM
1260,4000-05,Execution Activities,CONTRACTOR,واحد اجرایی کیسون ,در حال تکمیل فعالیتهای اجرایی,,KCC07A\a.naseri -- 2025-11-29 06:47:12,10/19/2025 12:00:00 AM
1261,4000-06,Execution Activities,CONTRACTOR,واحد اجرایی کیسون ,در حال تکمیل فعالیتهای اجرایی,,KCC07A\a.naseri -- 2025-12-04 14:12:46,12/4/2025 12:00:00 AM
1262,4000-07,Execution Activities,CONTRACTOR,واحد اجرایی کیسون ,در حال تکمیل فعالیتهای اجرایی,,KCC07A\a.naseri -- 2025-11-29 06:47:12,7/26/2025 12:00:00 AM
1263,4000-07,FORM A,CONTRACTOR,واحد H.O.S کیسون,آماده سازی و ارسال (2 زونکن),,KCC07A\S.Baratianmehr -- 2025-12-01 18:07:07,7/27/2025 12:00:00 AM
1264,4000-07,FORM A,PRECOM,واحد پیش راه اندازی سبلان,بررسی جهت تائید ,دکتر قلی نژاد,KCC07A\a.naseri -- 2025-10-15 15:33:51,7/28/2025 12:00:00 AM
1265,4000-07,FORM A,TPA,TPA (IEI),پانچ گذاری,TPA (IEI),KCC07A\a.naseri -- 2025-10-15 15:33:01,7/29/2025 12:00:00 AM
1266,4000-07,FORM B,CONTRACTOR,واحد اجرایی کیسون ,دریافت جهت رفع پانچ,,KCC07A\a.naseri -- 2025-09-26 09:06:49,9/24/2025 12:00:00 AM
1267,4000-07,FORM B,CONTRACTOR,واحد H.O.S کیسون,دریافت جهت بررسی,,KCC07A\V.Salehipour -- 2025-11-26 15:52:02,9/23/2025 12:00:00 AM
1268,4000-08,Execution Activities,CONTRACTOR,واحد اجرایی کیسون ,در حال تکمیل فعالیتهای اجرایی,,KCC07A\a.naseri -- 2025-12-04 14:12:46,12/4/2025 12:00:00 AM
1269,4000-09,Execution Activities,CONTRACTOR,واحد اجرایی کیسون ,در حال تکمیل فعالیتهای اجرایی,,KCC07A\a.naseri -- 2025-11-29 06:47:12,10/5/2025 12:00:00 AM
1270,4000-10,Execution Activities,CONTRACTOR,واحد اجرایی کیسون ,در حال تکمیل فعالیتهای اجرایی,,KCC07A\a.naseri -- 2025-12-04 14:12:46,12/4/2025 12:00:00 AM
1271,4000-11,Execution Activities,CONTRACTOR,واحد اجرایی کیسون ,در حال تکمیل فعالیتهای اجرایی,,KCC07A\a.naseri -- 2025-11-29 06:47:12,8/23/2025 12:00:00 AM
1272,4000-11,FORM A,CONTRACTOR,واحد H.O.S کیسون,آماده سازی و ارسال,2 زونکن,KCC07A\S.Baratianmehr -- 2025-12-01 18:08:06,8/24/2025 12:00:00 AM
1273,4000-11,FORM A,PRECOM,واحد پیش راه اندازی سبلان,بررسی جهت تائید ,دکتر قلی نژاد,KCC07A\a.naseri -- 2025-10-15 15:33:51,8/25/2025 12:00:00 AM
1274,4000-11,FORM A,TPA,TPA (IEI),پانچ گذاری,TPA (IEI),KCC07A\a.naseri -- 2025-10-15 15:33:01,8/26/2025 12:00:00 AM
1277,4000-12,Execution Activities,CONTRACTOR,واحد اجرایی کیسون ,در حال تکمیل فعالیتهای اجرایی,,KCC07A\a.naseri -- 2025-12-04 14:12:46,12/4/2025 12:00:00 AM
1278,4000-13,Execution Activities,CONTRACTOR,واحد اجرایی کیسون ,در حال تکمیل فعالیتهای اجرایی,,KCC07A\a.naseri -- 2025-11-29 06:47:12,10/2/2025 12:00:00 AM
1279,4000-14,Execution Activities,CONTRACTOR,واحد اجرایی کیسون ,در حال تکمیل فعالیتهای اجرایی,,KCC07A\a.naseri -- 2025-11-27 15:20:36,11/20/2025 12:00:00 AM
1280,4000-15,Execution Activities,CONTRACTOR,واحد اجرایی کیسون ,در حال تکمیل فعالیتهای اجرایی,,KCC07A\a.naseri -- 2025-11-29 06:47:12,10/7/2025 12:00:00 AM
1281,5000-01,Execution Activities,CONTRACTOR,واحد اجرایی کیسون ,در حال تکمیل فعالیتهای اجرایی,,KCC07A\a.naseri -- 2025-11-29 06:47:12,11/22/2025 12:00:00 AM
1282,5000-02,Execution Activities,CONTRACTOR,واحد اجرایی کیسون ,در حال تکمیل فعالیتهای اجرایی,,KCC07A\a.naseri -- 2025-11-29 06:47:12,11/17/2025 12:00:00 AM
1283,5000-03,Execution Activities,CONTRACTOR,واحد اجرایی کیسون ,در حال تکمیل فعالیتهای اجرایی,,KCC07A\a.naseri -- 2025-11-29 06:47:12,10/29/2025 12:00:00 AM
1284,5000-04,Execution Activities,CONTRACTOR,واحد اجرایی کیسون ,در حال تکمیل فعالیتهای اجرایی,,KCC07A\a.naseri -- 2025-11-29 06:47:12,11/21/2025 12:00:00 AM
1285,5000-05,Execution Activities,CONTRACTOR,واحد اجرایی کیسون ,در حال تکمیل فعالیتهای اجرایی,,KCC07A\a.naseri -- 2025-11-29 06:47:12,10/29/2025 12:00:00 AM
1286,7000-01,Execution Activities,CONTRACTOR,واحد اجرایی کیسون ,در حال تکمیل فعالیتهای اجرایی,,KCC07A\a.naseri -- 2025-11-29 06:47:12,10/18/2025 12:00:00 AM
1287,BLD-01,Execution Activities,CONTRACTOR,واحد اجرایی کیسون ,در حال تکمیل فعالیتهای اجرایی,,KCC07A\S.Baratianmehr -- 2025-12-01 18:03:23,7/26/2025 12:00:00 AM
1288,BLD-01,FORM A,CONTRACTOR,واحد H.O.S کیسون,آماده سازی و ارسال, (4 زونکن),KCC07A\S.Baratianmehr -- 2025-12-01 18:19:04,7/27/2025 12:00:00 AM
1289,BLD-01,FORM A,PRECOM,واحد پیش راه اندازی سبلان,بررسی جهت تائید ,,KCC07A\S.Baratianmehr -- 2025-12-01 18:19:07,7/28/2025 12:00:00 AM
1290,BLD-01,FORM A,OWNER,مهندس رضوی,پانچ گذاری,,KCC07A\a.naseri -- 2025-09-26 09:06:49,7/29/2025 12:00:00 AM
1293,BLD-02,Execution Activities,CONTRACTOR,واحد اجرایی کیسون ,در حال تکمیل فعالیتهای اجرایی,,KCC07A\a.naseri -- 2025-11-29 06:47:12,7/15/2025 12:00:00 AM
1294,BLD-02,FORM A,CONTRACTOR,واحد H.O.S کیسون,آماده سازی و ارسال,,KCC07A\a.naseri -- 2025-11-29 06:44:59,7/16/2025 12:00:00 AM
1295,BLD-02,FORM A,PRECOM,واحد پیش راه اندازی سبلان,بررسی جهت تائید ,دکتر قلی نژاد,KCC07A\a.naseri -- 2025-10-15 15:33:51,7/17/2025 12:00:00 AM
1296,BLD-02,FORM A,OWNER,مهندس رضوی,پانچ گذاری,,KCC07A\a.naseri -- 2025-09-26 09:06:49,7/18/2025 12:00:00 AM
1297,BLD-03,Execution Activities,CONTRACTOR,واحد اجرایی کیسون ,در حال تکمیل فعالیتهای اجرایی,,KCC07A\a.naseri -- 2025-12-04 14:12:46,12/4/2025 12:00:00 AM
1298,BLD-04,Execution Activities,CONTRACTOR,واحد اجرایی کیسون ,در حال تکمیل فعالیتهای اجرایی,,KCC07A\a.naseri -- 2025-11-29 06:47:12,7/28/2025 12:00:00 AM
1299,BLD-04,FORM A,CONTRACTOR,واحد H.O.S کیسون,آماده سازی و ارسال,,KCC07A\a.naseri -- 2025-11-29 06:44:59,7/29/2025 12:00:00 AM
1300,BLD-04,FORM A,PRECOM,واحد پیش راه اندازی سبلان,بررسی جهت تائید ,دکتر قلی نژاد,KCC07A\a.naseri -- 2025-10-15 15:33:52,7/30/2025 12:00:00 AM
1301,BLD-04,FORM A,OWNER,مهندس رضوی,پانچ گذاری,,KCC07A\a.naseri -- 2025-09-26 09:06:49,7/31/2025 12:00:00 AM
1302,BLD-05,Execution Activities,CONTRACTOR,واحد اجرایی کیسون ,در حال تکمیل فعالیتهای اجرایی,,KCC07A\a.naseri -- 2025-12-04 14:12:46,12/4/2025 12:00:00 AM
1303,BLD-06,Execution Activities,CONTRACTOR,واحد اجرایی کیسون ,در حال تکمیل فعالیتهای اجرایی,,KCC07A\a.naseri -- 2025-11-29 06:47:12,7/31/2025 12:00:00 AM
1304,BLD-06,FORM A,CONTRACTOR,واحد H.O.S کیسون,آماده سازی و ارسال,,KCC07A\a.naseri -- 2025-11-29 06:44:59,8/1/2025 12:00:00 AM
1305,BLD-06,FORM A,PRECOM,واحد پیش راه اندازی سبلان,بررسی جهت تائید ,دکتر قلی نژاد,KCC07A\a.naseri -- 2025-10-15 15:33:52,8/2/2025 12:00:00 AM
1306,BLD-06,FORM A,OWNER,مهندس رضوی,پانچ گذاری,,KCC07A\a.naseri -- 2025-09-26 09:06:49,8/3/2025 12:00:00 AM
1307,BLD-07,Execution Activities,CONTRACTOR,واحد اجرایی کیسون ,در حال تکمیل فعالیتهای اجرایی,,KCC07A\a.naseri -- 2025-11-29 06:47:12,7/28/2025 12:00:00 AM
1308,BLD-07,FORM A,CONTRACTOR,واحد H.O.S کیسون,آماده سازی و ارسال,,KCC07A\a.naseri -- 2025-11-29 06:44:59,7/29/2025 12:00:00 AM
1309,BLD-07,FORM A,PRECOM,واحد پیش راه اندازی سبلان,بررسی جهت تائید ,دکتر قلی نژاد,KCC07A\a.naseri -- 2025-10-15 15:33:52,7/30/2025 12:00:00 AM
1310,BLD-07,FORM A,OWNER,مهندس رضوی,پانچ گذاری,,KCC07A\a.naseri -- 2025-09-26 09:06:49,7/31/2025 12:00:00 AM
1312,BLD-07,FORM B,CONTRACTOR,واحد اجرایی کیسون ,دریافت جهت رفع پانچ,,KCC07A\a.naseri -- 2025-09-26 09:06:49,9/5/2025 12:00:00 AM
1313,DCS-01,Execution Activities,CONTRACTOR,واحد اجرایی کیسون ,در حال تکمیل فعالیتهای اجرایی,,KCC07A\a.naseri -- 2025-12-04 14:12:46,12/4/2025 12:00:00 AM
1314,ES-01,Execution Activities,CONTRACTOR,واحد اجرایی کیسون ,در حال تکمیل فعالیتهای اجرایی,,KCC07A\a.naseri -- 2025-11-29 06:47:12,7/31/2025 12:00:00 AM
1315,ES-01,FORM A,CONTRACTOR,واحد H.O.S کیسون,آماده سازی و ارسال,,KCC07A\a.naseri -- 2025-11-29 06:44:59,8/1/2025 12:00:00 AM
1316,ES-01,FORM A,PRECOM,واحد پیش راه اندازی سبلان,بررسی جهت تائید ,دکتر قلی نژاد,KCC07A\a.naseri -- 2025-10-15 15:33:52,8/2/2025 12:00:00 AM
1317,ES-01,FORM A,TPA,TPA (IEI),پانچ گذاری,مهندس شاه پرست,KCC07A\a.naseri -- 2025-10-15 15:33:01,8/3/2025 12:00:00 AM
1318,ES-01,FORM B,CONTRACTOR,واحد H.O.S کیسون,دریافت جهت بررسی و ثبت پانچ,,KCC07A\a.naseri -- 2025-09-26 09:06:49,8/19/2025 12:00:00 AM
1319,ES-01,FORM B,CONTRACTOR,شرکت نیرو آرا اندیش,دریافت جهت رفع پانچ,,KCC07A\a.naseri -- 2025-09-26 09:06:49,8/20/2025 12:00:00 AM
1321,ES-01,FORM C,PRECOM,واحد پیش راه اندازی سبلان,بررسی جهت تائید نهایی,دکتر قلی نژاد,KCC07A\a.naseri -- 2025-10-15 15:34:09,9/24/2025 12:00:00 AM
1322,ES-02,Execution Activities,CONTRACTOR,واحد اجرایی کیسون ,در حال تکمیل فعالیتهای اجرایی,,KCC07A\a.naseri -- 2025-11-29 06:47:12,9/28/2025 12:00:00 AM
1323,ES-03,Execution Activities,CONTRACTOR,واحد اجرایی کیسون ,در حال تکمیل فعالیتهای اجرایی,,KCC07A\a.naseri -- 2025-11-29 06:47:12,8/24/2025 12:00:00 AM
1324,ES-03,FORM A,CONTRACTOR,واحد H.O.S کیسون,آماده سازی و ارسال,,KCC07A\a.naseri -- 2025-11-29 06:44:59,8/25/2025 12:00:00 AM
1325,ES-03,FORM A,PRECOM,واحد پیش راه اندازی سبلان,بررسی جهت تائید ,دکتر قلی نژاد,KCC07A\a.naseri -- 2025-10-15 15:33:53,8/26/2025 12:00:00 AM
1326,ES-03,FORM A,TPA,TPA (IEI),پانچ گذاری,مهندس شاه پرست,KCC07A\a.naseri -- 2025-10-15 15:33:01,8/27/2025 12:00:00 AM
1327,ES-03,FORM B,CONTRACTOR,واحد H.O.S کیسون,دریافت جهت بررسی و ثبت پانچ,,KCC07A\a.naseri -- 2025-09-26 09:06:49,9/9/2025 12:00:00 AM
1328,ES-03,FORM B,CONTRACTOR,شرکت نیرو آرا اندیش,دریافت جهت رفع پانچ,,KCC07A\a.naseri -- 2025-09-26 09:06:49,9/10/2025 12:00:00 AM
1329,ES-04,Execution Activities,CONTRACTOR,واحد اجرایی کیسون ,در حال تکمیل فعالیتهای اجرایی,,KCC07A\a.naseri -- 2025-11-29 06:47:12,8/3/2025 12:00:00 AM
1330,ES-04,FORM A,CONTRACTOR,واحد H.O.S کیسون,آماده سازی و ارسال,,KCC07A\a.naseri -- 2025-11-29 06:44:59,8/4/2025 12:00:00 AM
1331,ES-04,FORM A,PRECOM,واحد پیش راه اندازی سبلان,بررسی جهت تائید ,دکتر قلی نژاد,KCC07A\a.naseri -- 2025-10-15 15:33:54,8/5/2025 12:00:00 AM
1332,ES-04,FORM A,TPA,TPA (IEI),پانچ گذاری,مهندس شاه پرست,KCC07A\a.naseri -- 2025-10-15 15:33:01,8/6/2025 12:00:00 AM
1333,ES-04,FORM B,CONTRACTOR,واحد H.O.S کیسون,دریافت جهت بررسی و ثبت پانچ,,KCC07A\a.naseri -- 2025-09-26 09:06:49,8/19/2025 12:00:00 AM
1334,ES-04,FORM B,CONTRACTOR,شرکت نیرو آرا اندیش,دریافت جهت رفع پانچ,,KCC07A\a.naseri -- 2025-09-26 09:06:49,8/20/2025 12:00:00 AM
1335,ES-04,FORM C,CONTRACTOR,واحد H.O.S کیسون,آماده سازی و ارسال فرم C,,KCC07A\a.naseri -- 2025-09-26 09:06:49,9/6/2025 12:00:00 AM
1336,ES-04,FORM C,PRECOM,واحد پیش راه اندازی سبلان,بررسی جهت تائید نهایی,دکتر قلی نژاد,KCC07A\a.naseri -- 2025-10-15 15:34:08,9/7/2025 12:00:00 AM
1337,ES-05,Execution Activities,CONTRACTOR,واحد اجرایی کیسون ,در حال تکمیل فعالیتهای اجرایی,,KCC07A\a.naseri -- 2025-11-29 06:47:12,8/3/2025 12:00:00 AM
1338,ES-05,FORM A,CONTRACTOR,واحد H.O.S کیسون,آماده سازی و ارسال,,KCC07A\a.naseri -- 2025-11-29 06:44:59,8/4/2025 12:00:00 AM
1339,ES-05,FORM A,PRECOM,واحد پیش راه اندازی سبلان,بررسی جهت تائید ,دکتر قلی نژاد,KCC07A\a.naseri -- 2025-10-15 15:34:07,8/5/2025 12:00:00 AM
1340,ES-05,FORM A,TPA,TPA (IEI),پانچ گذاری,مهندس شاه پرست,KCC07A\a.naseri -- 2025-10-15 15:33:01,8/6/2025 12:00:00 AM
1341,ES-05,FORM B,CONTRACTOR,واحد H.O.S کیسون,دریافت جهت بررسی و ثبت پانچ,,KCC07A\a.naseri -- 2025-09-26 09:06:49,8/19/2025 12:00:00 AM
1342,ES-05,FORM B,CONTRACTOR,شرکت نیرو آرا اندیش,دریافت جهت رفع پانچ,,KCC07A\a.naseri -- 2025-09-26 09:06:49,8/20/2025 12:00:00 AM
1343,ES-05,FORM C,CONTRACTOR,واحد H.O.S کیسون,آماده سازی و ارسال فرم C,,KCC07A\S.Baratianmehr -- 2025-10-22 07:26:09,9/21/2025 12:00:00 AM
1344,ES-05,FORM C,PRECOM,واحد پیش راه اندازی سبلان,بررسی جهت تائید نهایی,دکتر قلی نژاد,KCC07A\S.Baratianmehr -- 2025-10-22 07:28:21,9/22/2025 12:00:00 AM
1345,ES-06,Execution Activities,CONTRACTOR,واحد اجرایی کیسون ,در حال تکمیل فعالیتهای اجرایی,,KCC07A\a.naseri -- 2025-12-04 14:12:46,12/4/2025 12:00:00 AM
1346,ES-07,Execution Activities,CONTRACTOR,واحد اجرایی کیسون ,در حال تکمیل فعالیتهای اجرایی,,KCC07A\a.naseri -- 2025-11-29 06:47:12,10/27/2025 12:00:00 AM
1347,ES-08,Execution Activities,CONTRACTOR,واحد اجرایی کیسون ,در حال تکمیل فعالیتهای اجرایی,,KCC07A\a.naseri -- 2025-12-04 14:12:46,12/4/2025 12:00:00 AM
1348,ES-09,Execution Activities,CONTRACTOR,واحد اجرایی کیسون ,در حال تکمیل فعالیتهای اجرایی,,KCC07A\a.naseri -- 2025-12-04 14:12:46,12/4/2025 12:00:00 AM
1349,ES-10,Execution Activities,CONTRACTOR,واحد اجرایی کیسون ,در حال تکمیل فعالیتهای اجرایی,,KCC07A\a.naseri -- 2025-11-29 06:47:12,10/27/2025 12:00:00 AM
1350,ES-11,Execution Activities,CONTRACTOR,واحد اجرایی کیسون ,در حال تکمیل فعالیتهای اجرایی,,KCC07A\a.naseri -- 2025-11-29 06:47:12,9/12/2025 12:00:00 AM
1351,ES-11,FORM A,CONTRACTOR,واحد H.O.S کیسون,آماده سازی و ارسال,,KCC07A\a.naseri -- 2025-11-29 06:45:00,9/13/2025 12:00:00 AM
1352,ES-11,FORM A,PRECOM,واحد پیش راه اندازی سبلان,بررسی جهت تائید ,دکتر قلی نژاد,KCC07A\a.naseri -- 2025-10-15 15:33:54,9/14/2025 12:00:00 AM
1353,ES-11,FORM A,TPA,TPA (IEI),پانچ گذاری,مهندس شاه پرست,KCC07A\a.naseri -- 2025-10-15 15:33:01,9/15/2025 12:00:00 AM
1354,FGS-01,Execution Activities,CONTRACTOR,واحد اجرایی کیسون ,در حال تکمیل فعالیتهای اجرایی,,KCC07A\a.naseri -- 2025-12-04 14:12:46,12/4/2025 12:00:00 AM
1355,FGS-02,Execution Activities,CONTRACTOR,واحد اجرایی کیسون ,در حال تکمیل فعالیتهای اجرایی,,KCC07A\a.naseri -- 2025-12-04 14:12:46,12/4/2025 12:00:00 AM
1356,FGS-03,Execution Activities,CONTRACTOR,واحد اجرایی کیسون ,در حال تکمیل فعالیتهای اجرایی,,KCC07A\a.naseri -- 2025-12-04 14:12:46,12/4/2025 12:00:00 AM
1357,FGS-04,Execution Activities,CONTRACTOR,واحد اجرایی کیسون ,در حال تکمیل فعالیتهای اجرایی,,KCC07A\a.naseri -- 2025-12-04 14:12:46,12/4/2025 12:00:00 AM
1358,FGS-05,Execution Activities,CONTRACTOR,واحد اجرایی کیسون ,در حال تکمیل فعالیتهای اجرایی,,KCC07A\a.naseri -- 2025-12-04 14:12:46,12/4/2025 12:00:00 AM
1359,FGS-06,Execution Activities,CONTRACTOR,واحد اجرایی کیسون ,در حال تکمیل فعالیتهای اجرایی,,KCC07A\a.naseri -- 2025-12-04 14:12:46,12/4/2025 12:00:00 AM
1360,FGS-07,Execution Activities,CONTRACTOR,واحد اجرایی کیسون ,در حال تکمیل فعالیتهای اجرایی,,KCC07A\a.naseri -- 2025-12-04 14:12:46,12/4/2025 12:00:00 AM
1361,FGS-08,Execution Activities,CONTRACTOR,واحد اجرایی کیسون ,در حال تکمیل فعالیتهای اجرایی,,KCC07A\a.naseri -- 2025-12-04 14:12:46,12/4/2025 12:00:00 AM
1362,FGS-09,Execution Activities,CONTRACTOR,واحد اجرایی کیسون ,در حال تکمیل فعالیتهای اجرایی,,KCC07A\a.naseri -- 2025-12-04 14:12:46,12/4/2025 12:00:00 AM
1363,FGS-10,Execution Activities,CONTRACTOR,واحد اجرایی کیسون ,در حال تکمیل فعالیتهای اجرایی,,KCC07A\a.naseri -- 2025-12-04 14:12:46,12/4/2025 12:00:00 AM
1368,LS-01,Execution Activities,CONTRACTOR,واحد اجرایی کیسون ,در حال تکمیل فعالیتهای اجرایی,,KCC07A\a.naseri -- 2025-12-04 14:12:46,12/4/2025 12:00:00 AM
1369,LS-02,Execution Activities,CONTRACTOR,واحد اجرایی کیسون ,در حال تکمیل فعالیتهای اجرایی,,KCC07A\a.naseri -- 2025-12-04 14:12:46,12/4/2025 12:00:00 AM
1370,LS-03,Execution Activities,CONTRACTOR,واحد اجرایی کیسون ,در حال تکمیل فعالیتهای اجرایی,,KCC07A\a.naseri -- 2025-11-29 06:47:12,7/31/2025 12:00:00 AM
1371,LS-03,FORM A,CONTRACTOR,واحد H.O.S کیسون,آماده سازی و ارسال,,KCC07A\a.naseri -- 2025-11-29 06:45:00,8/1/2025 12:00:00 AM
1372,LS-03,FORM A,PRECOM,واحد پیش راه اندازی سبلان,بررسی جهت تائید ,دکتر قلی نژاد,KCC07A\a.naseri -- 2025-10-15 15:33:54,8/2/2025 12:00:00 AM
1373,LS-03,FORM A,TPA,TPA (IEI),پانچ گذاری,مهندس شاه پرست,KCC07A\a.naseri -- 2025-10-15 15:33:01,8/3/2025 12:00:00 AM
1374,LS-03,FORM B,CONTRACTOR,واحد H.O.S کیسون,دریافت جهت بررسی و ثبت پانچ,,KCC07A\a.naseri -- 2025-09-26 09:06:49,9/9/2025 12:00:00 AM
1375,LS-03,FORM B,CONTRACTOR,شرکت نیرو آرا اندیش,دریافت جهت رفع پانچ,,KCC07A\a.naseri -- 2025-09-26 09:06:49,9/10/2025 12:00:00 AM
1376,LS-04,Execution Activities,CONTRACTOR,واحد اجرایی کیسون ,در حال تکمیل فعالیتهای اجرایی,,KCC07A\a.naseri -- 2025-12-04 14:12:46,12/4/2025 12:00:00 AM
1377,LS-05,Execution Activities,CONTRACTOR,واحد اجرایی کیسون ,در حال تکمیل فعالیتهای اجرایی,,KCC07A\a.naseri -- 2025-12-04 14:12:46,12/4/2025 12:00:00 AM
1378,LS-06,Execution Activities,CONTRACTOR,واحد اجرایی کیسون ,در حال تکمیل فعالیتهای اجرایی,,KCC07A\a.naseri -- 2025-11-29 06:47:12,11/24/2025 12:00:00 AM
1379,LS-07,Execution Activities,CONTRACTOR,واحد اجرایی کیسون ,در حال تکمیل فعالیتهای اجرایی,,KCC07A\a.naseri -- 2025-12-04 14:12:46,12/4/2025 12:00:00 AM
1380,LS-08,Execution Activities,CONTRACTOR,واحد اجرایی کیسون ,در حال تکمیل فعالیتهای اجرایی,,KCC07A\a.naseri -- 2025-12-04 14:12:46,12/4/2025 12:00:00 AM
1381,LS-09,Execution Activities,CONTRACTOR,واحد اجرایی کیسون ,در حال تکمیل فعالیتهای اجرایی,,KCC07A\a.naseri -- 2025-12-04 14:12:46,12/4/2025 12:00:00 AM
1382,LS-10,Execution Activities,CONTRACTOR,واحد اجرایی کیسون ,در حال تکمیل فعالیتهای اجرایی,,KCC07A\a.naseri -- 2025-12-04 14:12:46,12/4/2025 12:00:00 AM
1383,LS-11,Execution Activities,CONTRACTOR,واحد اجرایی کیسون ,در حال تکمیل فعالیتهای اجرایی,,KCC07A\a.naseri -- 2025-12-04 14:12:46,12/4/2025 12:00:00 AM
1384,LS-12,Execution Activities,CONTRACTOR,واحد اجرایی کیسون ,در حال تکمیل فعالیتهای اجرایی,,KCC07A\a.naseri -- 2025-11-29 06:47:12,11/3/2025 12:00:00 AM
1385,LS-14,Execution Activities,CONTRACTOR,واحد اجرایی کیسون ,در حال تکمیل فعالیتهای اجرایی,,KCC07A\a.naseri -- 2025-11-29 06:47:12,8/3/2025 12:00:00 AM
1386,LS-14,FORM A,CONTRACTOR,واحد H.O.S کیسون,آماده سازی و ارسال,,KCC07A\a.naseri -- 2025-11-29 06:45:00,8/4/2025 12:00:00 AM
1387,LS-14,FORM A,PRECOM,واحد پیش راه اندازی سبلان,بررسی جهت تائید ,دکتر قلی نژاد,KCC07A\a.naseri -- 2025-10-15 15:33:54,8/5/2025 12:00:00 AM
1388,LS-14,FORM A,TPA,TPA (IEI),پانچ گذاری,مهندس شاه پرست,KCC07A\a.naseri -- 2025-10-15 15:33:01,8/6/2025 12:00:00 AM
1389,LS-14,FORM B,CONTRACTOR,واحد H.O.S کیسون,دریافت جهت بررسی و ثبت پانچ,,KCC07A\a.naseri -- 2025-09-26 09:06:49,9/9/2025 12:00:00 AM
1390,LS-14,FORM B,CONTRACTOR,شرکت نیرو آرا اندیش,دریافت جهت رفع پانچ,,KCC07A\a.naseri -- 2025-09-26 09:06:49,9/10/2025 12:00:00 AM
1391,TEL-01,Execution Activities,CONTRACTOR,واحد اجرایی کیسون ,در حال تکمیل فعالیتهای اجرایی,,KCC07A\a.naseri -- 2025-12-04 14:12:46,12/4/2025 12:00:00 AM
1392,TEL-02,Execution Activities,CONTRACTOR,واحد اجرایی کیسون ,در حال تکمیل فعالیتهای اجرایی,,KCC07A\a.naseri -- 2025-12-04 14:12:46,12/4/2025 12:00:00 AM
1393,TEL-03,Execution Activities,CONTRACTOR,واحد اجرایی کیسون ,در حال تکمیل فعالیتهای اجرایی,,KCC07A\a.naseri -- 2025-12-04 14:12:46,12/4/2025 12:00:00 AM
1394,TEL-04,Execution Activities,CONTRACTOR,واحد اجرایی کیسون ,در حال تکمیل فعالیتهای اجرایی,,KCC07A\a.naseri -- 2025-12-04 14:12:46,12/4/2025 12:00:00 AM
1395,TEL-05,Execution Activities,CONTRACTOR,واحد اجرایی کیسون ,در حال تکمیل فعالیتهای اجرایی,,KCC07A\a.naseri -- 2025-12-04 14:12:46,12/4/2025 12:00:00 AM
1396,TEL-06,Execution Activities,CONTRACTOR,واحد اجرایی کیسون ,در حال تکمیل فعالیتهای اجرایی,,KCC07A\a.naseri -- 2025-12-04 14:12:46,12/4/2025 12:00:00 AM
1397,TEL-07,Execution Activities,CONTRACTOR,واحد اجرایی کیسون ,در حال تکمیل فعالیتهای اجرایی,,KCC07A\a.naseri -- 2025-11-29 06:47:12,10/6/2025 12:00:00 AM
1398,TEL-08,Execution Activities,CONTRACTOR,واحد اجرایی کیسون ,در حال تکمیل فعالیتهای اجرایی,,KCC07A\a.naseri -- 2025-11-29 06:47:12,8/6/2025 12:00:00 AM
1399,TEL-08,FORM A,CONTRACTOR,واحد H.O.S کیسون,آماده سازی و ارسال,,KCC07A\a.naseri -- 2025-11-29 06:45:00,8/7/2025 12:00:00 AM
1400,TEL-08,FORM A,PRECOM,واحد پیش راه اندازی سبلان,بررسی جهت تائید ,دکتر قلی نژاد,KCC07A\a.naseri -- 2025-10-15 15:33:55,8/8/2025 12:00:00 AM
1401,TEL-08,FORM A,TPA,TPA (IEI),پانچ گذاری,مهندس شاه پرست,KCC07A\a.naseri -- 2025-10-15 15:33:01,8/9/2025 12:00:00 AM
1402,TEL-08,FORM B,CONTRACTOR,واحد H.O.S کیسون,دریافت جهت بررسی و ثبت پانچ,,KCC07A\a.naseri -- 2025-09-26 09:06:49,9/9/2025 12:00:00 AM
1403,TEL-08,FORM B,CONTRACTOR,شرکت نیرو آرا اندیش,دریافت جهت رفع پانچ,,KCC07A\a.naseri -- 2025-09-26 09:06:49,9/10/2025 12:00:00 AM
1404,TEL-09,Execution Activities,CONTRACTOR,واحد اجرایی کیسون ,در حال تکمیل فعالیتهای اجرایی,,KCC07A\a.naseri -- 2025-12-04 14:12:46,12/4/2025 12:00:00 AM
1405,TEL-10,Execution Activities,CONTRACTOR,واحد اجرایی کیسون ,در حال تکمیل فعالیتهای اجرایی,,KCC07A\a.naseri -- 2025-12-04 14:12:46,12/4/2025 12:00:00 AM
1406,TEL-11,Execution Activities,CONTRACTOR,واحد اجرایی کیسون ,در حال تکمیل فعالیتهای اجرایی,,KCC07A\a.naseri -- 2025-12-04 14:12:46,12/4/2025 12:00:00 AM
1407,TEL-12,Execution Activities,CONTRACTOR,واحد اجرایی کیسون ,در حال تکمیل فعالیتهای اجرایی,1زونکن,KCC07A\S.Baratianmehr -- 2025-11-30 11:06:39,8/6/2025 12:00:00 AM
1408,TEL-12,FORM A,CONTRACTOR,واحد H.O.S کیسون,آماده سازی و ارسال,,KCC07A\a.naseri -- 2025-11-29 06:45:00,8/7/2025 12:00:00 AM
1409,TEL-12,FORM A,PRECOM,واحد پیش راه اندازی سبلان,بررسی جهت تائید ,دکتر قلی نژاد,KCC07A\a.naseri -- 2025-10-15 15:33:55,8/8/2025 12:00:00 AM
1410,TEL-12,FORM A,TPA,TPA (IEI),پانچ گذاری,مهندس شاه پرست,KCC07A\a.naseri -- 2025-10-15 15:33:01,8/9/2025 12:00:00 AM
1411,TEL-12,FORM B,CONTRACTOR,واحد H.O.S کیسون,دریافت جهت بررسی و ثبت پانچ,,KCC07A\a.naseri -- 2025-09-26 09:06:49,9/9/2025 12:00:00 AM
1412,TEL-12,FORM B,CONTRACTOR,شرکت نیرو آرا اندیش,دریافت جهت رفع پانچ,,KCC07A\a.naseri -- 2025-09-26 09:06:49,9/10/2025 12:00:00 AM
1413,4000-01,FORM B,CONTRACTOR,واحد H.O.S کیسون,دریافت جهت بررسی و ثبت پانچ,,KCC07A\a.naseri -- 2025-10-12 09:53:09,9/29/2025 12:00:00 AM
1414,4000-01,FORM B,CONTRACTOR,واحد اجرایی کیسون ,دریافت جهت رفع پانچ,,KCC07A\a.naseri -- 2025-10-12 09:53:12,9/30/2025 12:00:00 AM
1415,4000-11,FORM B,CONTRACTOR,واحد H.O.S کیسون,دریافت جهت بررسی و ثبت پانچ,,KCC07A\a.naseri -- 2025-09-29 16:09:53,9/29/2025 12:00:00 AM
1416,4000-11,FORM B,CONTRACTOR,واحد اجرایی کیسون ,دریافت جهت رفع پانچ,,KCC07A\a.naseri -- 2025-10-12 09:53:27,9/30/2025 12:00:00 AM
1417,ES-02,FORM A,CONTRACTOR,واحد H.O.S کیسون,آماده سازی و ارسال,,KCC07A\a.naseri -- 2025-11-29 06:44:59,9/29/2025 12:00:00 AM
1418,ES-02,FORM A,PRECOM,واحد پیش راه اندازی سبلان,بررسی جهت تائید ,دکتر قلی نژاد,KCC07A\a.naseri -- 2025-10-15 15:33:55,9/30/2025 12:00:00 AM
1421,ES-02,FORM A,TPA,TPA (IEI),پانچ گذاری,مهندس شاه پرست,KCC07A\S.Baratianmehr -- 2025-10-22 10:26:51,10/1/2025 12:00:00 AM
1423,4000-13,FORM A,CONTRACTOR,واحد H.O.S کیسون,آماده سازی و ارسال,(4 زونکن),KCC07A\S.Baratianmehr -- 2025-12-01 18:13:57,10/3/2025 12:00:00 AM
1424,4000-13,FORM A,PRECOM,واحد پیش راه اندازی سبلان,بررسی جهت تائید ,دکتر قلی نژاد,KCC07A\a.naseri -- 2025-10-15 15:34:05,10/4/2025 12:00:00 AM
1425,4000-13,FORM A,TPA,TPA (IEI),پانچ گذاری,TPA (IEI),KCC07A\a.naseri -- 2025-10-15 15:33:01,10/5/2025 12:00:00 AM
1426,120-02,FORM A,CONTRACTOR,واحد H.O.S کیسون,آماده سازی و ارسال,3 زونکن,KCC07A\S.Baratianmehr -- 2025-12-01 18:11:04,10/5/2025 12:00:00 AM
1427,120-02,FORM A,PRECOM,واحد پیش راه اندازی سبلان,بررسی جهت تائید ,دکتر قلی نژاد,KCC07A\a.naseri -- 2025-10-15 15:34:05,10/6/2025 12:00:00 AM
1428,120-02,FORM A,TPA,TPA (IEI),پانچ گذاری,مهندس شاه پرست,KCC07A\a.naseri -- 2025-10-15 15:33:01,10/7/2025 12:00:00 AM
1429,120-03,FORM A,CONTRACTOR,واحد H.O.S کیسون,آماده سازی و ارسال,2 زونکن,KCC07A\S.Baratianmehr -- 2025-12-01 18:11:50,10/5/2025 12:00:00 AM
1430,120-03,FORM A,PRECOM,واحد پیش راه اندازی سبلان,بررسی جهت تائید ,دکتر قلی نژاد,KCC07A\a.naseri -- 2025-10-15 15:34:06,10/6/2025 12:00:00 AM
1431,120-03,FORM A,TPA,TPA (IEI),پانچ گذاری,مهندس شاه پرست,KCC07A\a.naseri -- 2025-10-15 15:33:01,10/7/2025 12:00:00 AM
1432,120-04,FORM A,CONTRACTOR,واحد H.O.S کیسون,آماده سازی و ارسال,,KCC07A\a.naseri -- 2025-11-29 06:44:59,10/5/2025 12:00:00 AM
1433,120-04,FORM A,PRECOM,واحد پیش راه اندازی سبلان,بررسی جهت تائید ,دکتر قلی نژاد,KCC07A\a.naseri -- 2025-10-15 15:34:06,10/6/2025 12:00:00 AM
1434,120-04,FORM A,TPA,TPA (IEI),پانچ گذاری,مهندس شاه پرست,KCC07A\a.naseri -- 2025-10-15 15:33:01,10/7/2025 12:00:00 AM
1435,120-05,FORM A,CONTRACTOR,واحد H.O.S کیسون,آماده سازی و ارسال,,KCC07A\a.naseri -- 2025-11-29 06:44:59,10/5/2025 12:00:00 AM
1436,120-05,FORM A,PRECOM,واحد پیش راه اندازی سبلان,بررسی جهت تائید ,دکتر قلی نژاد,KCC07A\a.naseri -- 2025-10-15 15:34:06,10/6/2025 12:00:00 AM
1437,120-05,FORM A,TPA,TPA (IEI),پانچ گذاری,مهندس شاه پرست,KCC07A\a.naseri -- 2025-10-15 15:33:01,10/7/2025 12:00:00 AM
1438,120-06,FORM A,CONTRACTOR,واحد H.O.S کیسون,آماده سازی و ارسال,,KCC07A\a.naseri -- 2025-11-29 06:44:59,10/5/2025 12:00:00 AM
1439,120-06,FORM A,PRECOM,واحد پیش راه اندازی سبلان,بررسی جهت تائید ,دکتر قلی نژاد,KCC07A\a.naseri -- 2025-10-15 15:34:06,10/6/2025 12:00:00 AM
1440,120-06,FORM A,TPA,TPA (IEI),پانچ گذاری,مهندس شاه پرست,KCC07A\a.naseri -- 2025-10-15 15:33:01,10/7/2025 12:00:00 AM
1442,4000-09,FORM A,CONTRACTOR,واحد H.O.S کیسون,آماده سازی و ارسال,(22 زونکن),KCC07A\S.Baratianmehr -- 2025-12-01 18:13:12,10/6/2025 12:00:00 AM
1443,4000-09,FORM A,PRECOM,واحد پیش راه اندازی سبلان,بررسی جهت تائید ,دکتر قلی نژاد,KCC07A\a.naseri -- 2025-10-15 15:34:07,10/7/2025 12:00:00 AM
1444,4000-09,FORM A,TPA,TPA (IEI),پانچ گذاری,TPA (IEI),KCC07A\a.naseri -- 2025-10-15 15:33:01,10/8/2025 12:00:00 AM
1445,TEL-07,FORM A,CONTRACTOR,واحد H.O.S کیسون,آماده سازی و ارسال,,KCC07A\a.naseri -- 2025-11-29 06:45:00,10/7/2025 12:00:00 AM
1446,TEL-07,FORM A,PRECOM,واحد پیش راه اندازی سبلان,بررسی جهت تائید ,دکتر قلی نژاد,KCC07A\a.naseri -- 2025-10-15 15:34:07,10/8/2025 12:00:00 AM
1447,TEL-07,FORM A,TPA,TPA (IEI),پانچ گذاری,مهندس شاه پرست,KCC07A\a.naseri -- 2025-10-15 15:33:01,10/9/2025 12:00:00 AM
1448,4000-15,FORM A,CONTRACTOR,واحد H.O.S کیسون,آماده سازی و ارسال, (7 زونکن),KCC07A\S.Baratianmehr -- 2025-12-01 18:15:10,10/8/2025 12:00:00 AM
1449,4000-15,FORM A,PRECOM,واحد پیش راه اندازی سبلان,بررسی جهت تائید ,,KCC07A\S.Baratianmehr -- 2025-12-01 18:15:35,10/9/2025 12:00:00 AM
1450,4000-15,FORM A,TPA,TPA (IEI),پانچ گذاری,,KCC07A\S.Baratianmehr -- 2025-12-01 18:15:36,10/10/2025 12:00:00 AM
1451,120-09,FORM A,CONTRACTOR,واحد H.O.S کیسون,آماده سازی و ارسال,,KCC07A\a.naseri -- 2025-11-29 06:44:59,10/18/2025 12:00:00 AM
1452,120-09,FORM A,PRECOM,واحد پیش راه اندازی سبلان,بررسی جهت تائید ,دکتر قلی نژاد,KCC07A\a.naseri -- 2025-10-20 06:30:44,10/19/2025 12:00:00 AM
1453,120-09,FORM A,TPA,TPA (IEI),پانچ گذاری,TPA (IEI),KCC07A\a.naseri -- 2025-10-20 06:30:44,10/20/2025 12:00:00 AM
1454,120-10,FORM A,CONTRACTOR,واحد H.O.S کیسون,آماده سازی و ارسال,,KCC07A\a.naseri -- 2025-11-29 06:44:59,10/18/2025 12:00:00 AM
1455,120-10,FORM A,PRECOM,واحد پیش راه اندازی سبلان,بررسی جهت تائید ,دکتر قلی نژاد,KCC07A\a.naseri -- 2025-10-20 06:30:44,10/19/2025 12:00:00 AM
1456,120-10,FORM A,TPA,TPA (IEI),پانچ گذاری,TPA (IEI),KCC07A\a.naseri -- 2025-10-20 06:30:44,10/20/2025 12:00:00 AM
1457,120-11,FORM A,CONTRACTOR,واحد H.O.S کیسون,آماده سازی و ارسال,,KCC07A\a.naseri -- 2025-11-29 06:44:59,10/18/2025 12:00:00 AM
1458,120-11,FORM A,PRECOM,واحد پیش راه اندازی سبلان,بررسی جهت تائید ,دکتر قلی نژاد,KCC07A\a.naseri -- 2025-10-20 06:30:44,10/19/2025 12:00:00 AM
1459,120-11,FORM A,TPA,TPA (IEI),پانچ گذاری,TPA (IEI),KCC07A\a.naseri -- 2025-10-20 06:30:44,10/20/2025 12:00:00 AM
1460,7000-01,FORM A,CONTRACTOR,واحد H.O.S کیسون,آماده سازی و ارسال,  (10 زونکن),KCC07A\S.Baratianmehr -- 2025-12-01 18:18:32,10/19/2025 12:00:00 AM
1461,7000-01,FORM A,PRECOM,واحد پیش راه اندازی سبلان,بررسی جهت تائید ,,KCC07A\S.Baratianmehr -- 2025-12-01 18:18:34,10/20/2025 12:00:00 AM
1462,7000-01,FORM A,TPA,TPA (IEI),پانچ گذاری,,KCC07A\S.Baratianmehr -- 2025-12-01 18:18:36,10/21/2025 12:00:00 AM
1496,4000-09,FORM A,CONTRACTOR,واحد تست پکیج کیسون,جهت تکمیل امضاء تست پکیج های مربوطه,بهروان جهت تکمیل امضا,KCC07A\a.naseri -- 2025-10-21 13:13:44,10/15/2025 12:00:00 AM
1497,4000-13,FORM A,CONTRACTOR,واحد تست پکیج کیسون,جهت تکمیل امضاء تست پکیج های مربوطه,بهروان جهت رفع نقص,KCC07A\a.naseri -- 2025-10-21 13:13:14,10/15/2025 12:00:00 AM
1498,4000-15,FORM A,CONTRACTOR,واحد تست پکیج کیسون,دریافت جهت رفع نقص و تکمیل امضاء,بهروان جهت رفع نقص,KCC07A\S.Baratianmehr -- 2025-11-17 09:38:15,10/15/2025 12:00:00 AM
1499,120-02,FORM A,OWNER,واحد ساختمان نصب,دریافت جهت بررسی و ثبت پانچ,مهندس دیندارلو,KCC07A\S.Baratianmehr -- 2025-10-21 14:29:09,10/21/2025 12:00:00 AM
1502,120-03,FORM A,OWNER,واحد ساختمان نصب,دریافت جهت بررسی و ثبت پانچ,مهندس دیندارلو,KCC07A\S.Baratianmehr -- 2025-10-21 14:31:29,10/21/2025 12:00:00 AM
1503,120-04,FORM A,OWNER,واحد ساختمان نصب,دریافت جهت بررسی و ثبت پانچ,مهندس دیندارلو,KCC07A\S.Baratianmehr -- 2025-10-21 14:32:30,10/21/2025 12:00:00 AM
1504,120-05,FORM A,OWNER,واحد ساختمان نصب,دریافت جهت بررسی و ثبت پانچ,مهندس دیندارلو,KCC07A\S.Baratianmehr -- 2025-10-21 14:33:05,10/21/2025 12:00:00 AM
1505,120-06,FORM A,OWNER,واحد ساختمان نصب,دریافت جهت بررسی و ثبت پانچ,مهندس دیندارلو,KCC07A\S.Baratianmehr -- 2025-10-21 14:33:41,10/21/2025 12:00:00 AM
1506,120-01,FORM A,CONTRACTOR,واحد H.O.S کیسون,آماده سازی و ارسال,3زونکن,KCC07A\S.Baratianmehr -- 2025-12-01 18:10:50,10/20/2025 12:00:00 AM
1508,120-01,FORM A,TPA,TPA (IEI),پانچ گذاری,مهندس شاه پرست,KCC07A\S.Baratianmehr -- 2025-10-21 14:38:34,10/21/2025 12:00:00 AM
1509,4000-05,FORM A,CONTRACTOR,واحد H.O.S کیسون,آماده سازی و ارسال,,KCC07A\a.naseri -- 2025-11-29 06:44:59,10/20/2025 12:00:00 AM
1510,4000-05,FORM A,TPA,TPA (IEI),پانچ گذاری,TPA(IEI),KCC07A\S.Baratianmehr -- 2025-10-21 14:44:42,10/21/2025 12:00:00 AM
1513,120-16,FORM C,CONTRACTOR,شرکت نیرو آرا اندیش,دریافت جهت رفع پانچ,,KCC07A\S.Baratianmehr -- 2025-10-22 07:19:30,10/21/2025 12:00:00 AM
1514,TEL-07,FORM A,OWNER,واحد ساختمان نصب,پانچ گذاری,مهندس دیندارلو,KCC07A\S.Baratianmehr -- 2025-10-22 09:02:31,10/13/2025 12:00:00 AM
1515,TEL-07,FORM A,PRECOM,واحد پیش راه اندازی سبلان,پانچ گذاری,دکتر قلی نژاد,KCC07A\S.Baratianmehr -- 2025-10-22 09:04:58,10/20/2025 12:00:00 AM
1516,TEL-07,FORM B,CONTRACTOR,واحد H.O.S کیسون,دریافت جهت بررسی و ثبت پانچ,,KCC07A\S.Baratianmehr -- 2025-10-22 09:06:14,10/21/2025 12:00:00 AM
1517,TEL-07,FORM B,CONTRACTOR,شرکت نیرو آرا اندیش,دریافت جهت رفع پانچ,,KCC07A\S.Baratianmehr -- 2025-10-22 09:06:52,10/22/2025 12:00:00 AM
1518,120-01,FORM A,OWNER,واحد ساختمان نصب,جهت بررسی و ثبت پانچ,مهندس دیندارلو,KCC07A\S.Baratianmehr -- 2025-10-22 09:39:43,10/22/2025 12:00:00 AM
1519,ES-02,FORM A,OWNER,واحد ساختمان نصب,جهت بررسی و ثبت پانچ,مهندس دیندارلو,KCC07A\S.Baratianmehr -- 2025-10-22 10:28:02,10/4/2025 12:00:00 AM
1523,ES-07,FORM A,TPA,TPA (IEI),پانچ گذاری,مهندس (بابائی)بهمنی,KCC07A\S.Baratianmehr -- 2025-10-29 13:24:57,10/29/2025 12:00:00 AM
1524,ES-10,FORM A,TPA,TPA (IEI),پانچ گذاری,مهندس بابائی(بهمنی),KCC07A\S.Baratianmehr -- 2025-10-29 13:26:17,10/29/2025 12:00:00 AM
1525,5000-03,FORM A,TPA,TPA (IEI),جهت بررسی و ثبت پانچ,,KCC07A\S.Baratianmehr -- 2025-12-01 18:16:58,10/31/2025 12:00:00 AM
1526,5000-05,FORM A,TPA,TPA (IEI),پانچ گذاری,,KCC07A\S.Baratianmehr -- 2025-12-01 18:16:13,10/31/2025 12:00:00 AM
1527,LS-14,FORM C,PRECOM,واحد پیش راه اندازی سبلان,ارسال فرم C,دکتر قلی نژاد,KCC07A\S.Baratianmehr -- 2025-11-05 10:33:01,10/31/2025 12:00:00 AM
1530,LS-12,FORM A,CONTRACTOR,واحد H.O.S کیسون,آماده سازی و ارسال,,KCC07A\a.naseri -- 2025-11-29 06:45:00,11/4/2025 12:00:00 AM
1531,LS-12,FORM A,TPA,TPA (IEI),جهت بررسی و ثبت پانچ,شاه پرست,KCC07A\S.Baratianmehr -- 2025-11-05 10:31:09,11/5/2025 12:00:00 AM
1534,120-17,FORM C,CONTRACTOR,شرکت نیرو آرا اندیش,در حال تکمیل فعالیتهای اجرایی,,KCC07A\S.Baratianmehr -- 2025-11-29 07:24:49,11/1/2025 12:00:00 AM
1536,ES-10,FORM A,CONTRACTOR,واحد H.O.S کیسون,آماده سازی و ارسال,,KCC07A\a.naseri -- 2025-11-29 06:45:00,10/28/2025 12:00:00 AM
1537,ES-07,FORM A,CONTRACTOR,واحد H.O.S کیسون,آماده سازی و ارسال,,KCC07A\a.naseri -- 2025-11-29 06:44:59,10/28/2025 12:00:00 AM
1540,ES-07,FORM A,OWNER,واحد ساختمان نصب,دریافت جهت بررسی و ثبت پانچ,مهندس دیندارلو,KCC07A\S.Baratianmehr -- 2025-11-07 08:31:11,11/7/2025 12:00:00 AM
1541,ES-10,FORM A,OWNER,واحد ساختمان نصب,دریافت جهت بررسی و ثبت پانچ,مهندس دیندارلو,KCC07A\S.Baratianmehr -- 2025-11-07 08:30:48,11/7/2025 12:00:00 AM
1542,LS-12,FORM A,OWNER,واحد ساختمان نصب,دریافت جهت بررسی و ثبت پانچ,مهندس دیندارلو,KCC07A\V.Salehipour -- 2025-11-09 10:27:11,11/9/2025 12:00:00 AM
1543,2000-06,FORM A,CONTRACTOR,واحد H.O.S کیسون,آماده سازی و ارسال,2 زونکن,KCC07A\S.Baratianmehr -- 2025-12-01 18:10:28,11/9/2025 12:00:00 AM
1544,2000-06,FORM A,TPA,TPA (IEI),دریافت جهت بررسی و ثبت پانچ,,KCC07A\S.Baratianmehr -- 2025-11-10 13:50:42,11/10/2025 12:00:00 AM
1545,3000-04,FORM A,CONTRACTOR,واحد H.O.S کیسون,آماده سازی و ارسال,2 زونکن,KCC07A\S.Baratianmehr -- 2025-12-01 18:09:18,11/9/2025 12:00:00 AM
1546,3000-04,FORM A,TPA,TPA (IEI),دریافت جهت بررسی و ثبت پانچ,,KCC07A\S.Baratianmehr -- 2025-11-10 13:52:02,11/10/2025 12:00:00 AM
1547,4000-03,FORM A,CONTRACTOR,واحد H.O.S کیسون,آماده سازی و ارسال,3 زونکن,KCC07A\S.Baratianmehr -- 2025-12-02 09:42:55,11/9/2025 12:00:00 AM
1548,4000-03,FORM A,TPA,TPA (IEI),دریافت جهت بررسی و ثبت پانچ,,KCC07A\S.Baratianmehr -- 2025-11-10 13:53:00,11/10/2025 12:00:00 AM
1550,5000-05,FORM A,CONTRACTOR,واحد H.O.S کیسون,آماده سازی و ارسال, (4 زونکن),KCC07A\S.Baratianmehr -- 2025-12-01 18:16:08,10/30/2025 12:00:00 AM
1554,BLD-04,FORM A,PRECOM,واحد پیش راه اندازی سبلان,جهت بررسی و ثبت پانچ,دکتر قلی نژاد,KCC07A\S.Baratianmehr -- 2025-11-19 08:19:28,11/19/2025 12:00:00 AM
1555,BLD-06,FORM A,PRECOM,واحد پیش راه اندازی سبلان,جهت بررسی و ثبت پانچ,دکتر قلی نژاد,KCC07A\S.Baratianmehr -- 2025-11-19 08:20:24,11/19/2025 12:00:00 AM
1556,BLD-07,FORM A,PRECOM,واحد پیش راه اندازی سبلان,جهت بررسی و ثبت پانچ,دکتر قلی نژاد,KCC07A\S.Baratianmehr -- 2025-11-19 08:22:30,9/3/2025 12:00:00 AM
1557,5000-02,FORM A,CONTRACTOR,واحد H.O.S کیسون,آماده سازی و ارسال, (11 زونکن),KCC07A\S.Baratianmehr -- 2025-12-01 18:17:17,11/18/2025 12:00:00 AM
1558,5000-02,FORM A,TPA,TPA (IEI),جهت بررسی و ثبت پانچ,,KCC07A\S.Baratianmehr -- 2025-12-01 18:17:49,11/19/2025 12:00:00 AM
1560,BLD-04,FORM B,CONTRACTOR,واحد اجرایی کیسون,دریافت جهت رفع پانچ,,KCC07A\S.Baratianmehr -- 2025-11-20 06:18:11,11/20/2025 12:00:00 AM
1561,BLD-06,FORM B,CONTRACTOR,واحد اجرایی کیسون,دریافت جهت رفع پانچ,,KCC07A\S.Baratianmehr -- 2025-11-20 06:18:43,11/20/2025 12:00:00 AM
1562,BLD-01,FORM A,TPA,TPA (IEI),جهت بررسی و ثبت پانچ,ملکی جهت ببرسی قسمت پایپینگ و امضا,KCC07A\S.Baratianmehr -- 2025-12-01 18:19:56,11/19/2025 12:00:00 AM
1563,BLD-02,FORM A,TPA,TPA (IEI),جهت بررسی و ثبت پانچ,جهت بررسی قسمت پایپینگ,KCC07A\S.Baratianmehr -- 2025-12-03 09:58:02,11/19/2025 12:00:00 AM
1564,5000-04,FORM A,CONTRACTOR,واحد H.O.S کیسون,آماده سازی و ارسال, (7 زونکن),KCC07A\S.Baratianmehr -- 2025-12-01 18:16:33,11/22/2025 12:00:00 AM
1565,5000-04,FORM A,TPA,TPA (IEI),دریافت جهت بررسی و ثبت پانچ,,KCC07A\S.Baratianmehr -- 2025-11-23 15:31:54,11/23/2025 12:00:00 AM
1567,120-12,FORM A,CONTRACTOR,واحد H.O.S کیسون,آماده سازی و ارسال,,KCC07A\a.naseri -- 2025-11-29 06:44:59,11/23/2025 12:00:00 AM
1568,120-12,FORM A,TPA,TPA (IEI),دریافت جهت بررسی و ثبت پانچ,,KCC07A\S.Baratianmehr -- 2025-11-25 11:18:25,11/24/2025 12:00:00 AM
1569,5000-01,FORM A,CONTRACTOR,واحد H.O.S کیسون,آماده سازی و ارسال, (15 زونکن),KCC07A\S.Baratianmehr -- 2025-12-01 18:18:10,11/23/2025 12:00:00 AM
1570,5000-01,FORM A,TPA,TPA (IEI),دریافت جهت بررسی و ثبت پانچ,,KCC07A\S.Baratianmehr -- 2025-11-25 11:19:12,11/24/2025 12:00:00 AM
1571,LS-06,FORM A,CONTRACTOR,واحد H.O.S کیسون,آماده سازی و ارسال,,KCC07A\a.naseri -- 2025-11-29 06:45:00,11/25/2025 12:00:00 AM
1572,LS-06,FORM A,TPA,TPA (IEI),دریافت جهت بررسی و ثبت پانچ,,KCC07A\S.Baratianmehr -- 2025-11-26 10:01:11,11/26/2025 12:00:00 AM
1573,3000-01,FORM A,CONTRACTOR,واحد H.O.S کیسون,آماده سازی و ارسال,7 زونکن,KCC07A\S.Baratianmehr -- 2025-12-01 18:09:28,11/25/2025 12:00:00 AM
1574,3000-01,FORM A,TPA,TPA (IEI),دریافت جهت بررسی و ثبت پانچ,,KCC07A\S.Baratianmehr -- 2025-11-26 10:02:02,11/26/2025 12:00:00 AM
1576,120-04,FORM B,CONTRACTOR,واحد H.O.S کیسون,دریافت جهت بررسی,,KCC07A\V.Salehipour -- 2025-11-26 15:53:02,11/26/2025 12:00:00 AM
1577,120-04,FORM B,CONTRACTOR,شرکت نیرو آرا اندیش,دریافت جهت رفع پانچ,,KCC07A\V.Salehipour -- 2025-11-26 15:55:35,11/27/2025 12:00:00 AM
1578,ES-10,FORM B,CONTRACTOR,واحد H.O.S کیسون,دریافت جهت بررسی,,KCC07A\V.Salehipour -- 2025-11-26 15:57:38,11/26/2025 12:00:00 AM
1579,ES-10,FORM B,CONTRACTOR,شرکت نیرو آرا اندیش,دریافت جهت رفع پانچ,,KCC07A\V.Salehipour -- 2025-11-26 15:58:00,11/27/2025 12:00:00 AM
1580,120-01,FORM B,CONTRACTOR,واحد H.O.S کیسون,دریافت جهت بررسی,,KCC07A\V.Salehipour -- 2025-11-26 15:58:30,11/26/2025 12:00:00 AM
1581,120-01,FORM B,CONTRACTOR,شرکت نیرو آرا اندیش,دریافت جهت رفع پانچ,,KCC07A\V.Salehipour -- 2025-11-26 15:59:26,11/27/2025 12:00:00 AM
1582,120-10,FORM B,CONTRACTOR,واحد H.O.S کیسون,دریافت جهت بررسی,,KCC07A\V.Salehipour -- 2025-11-26 16:02:49,11/26/2025 12:00:00 AM
1583,120-10,FORM B,CONTRACTOR,شرکت نیرو آرا اندیش,دریافت جهت رفع پانچ,,KCC07A\V.Salehipour -- 2025-11-26 16:03:11,11/27/2025 12:00:00 AM
1584,120-05,FORM B,CONTRACTOR,واحد H.O.S کیسون,دریافت جهت بررسی,,KCC07A\V.Salehipour -- 2025-11-26 16:03:42,11/26/2025 12:00:00 AM
1585,120-05,FORM B,CONTRACTOR,شرکت نیرو آرا اندیش,دریافت جهت رفع پانچ,,KCC07A\V.Salehipour -- 2025-11-26 16:04:04,11/27/2025 12:00:00 AM
1586,120-06,FORM B,CONTRACTOR,واحد H.O.S کیسون,دریافت جهت بررسی,,KCC07A\V.Salehipour -- 2025-11-26 16:04:31,11/26/2025 12:00:00 AM
1587,120-06,FORM B,CONTRACTOR,شرکت نیرو آرا اندیش,دریافت جهت رفع پانچ,,KCC07A\V.Salehipour -- 2025-11-26 16:04:52,11/27/2025 12:00:00 AM
1588,ES-07,FORM B,CONTRACTOR,واحد H.O.S کیسون,دریافت جهت بررسی,,KCC07A\V.Salehipour -- 2025-11-26 16:05:33,11/26/2025 12:00:00 AM
1589,ES-07,FORM B,CONTRACTOR,شرکت نیرو آرا اندیش,دریافت جهت رفع پانچ,,KCC07A\V.Salehipour -- 2025-11-26 16:05:53,11/27/2025 12:00:00 AM
1590,120-02,FORM B,CONTRACTOR,واحد H.O.S کیسون,دریافت جهت بررسی,,KCC07A\V.Salehipour -- 2025-11-26 16:06:23,11/26/2025 12:00:00 AM
1591,120-02,FORM B,CONTRACTOR,شرکت نیرو آرا اندیش,دریافت جهت رفع پانچ,,KCC07A\V.Salehipour -- 2025-11-26 16:06:40,11/27/2025 12:00:00 AM
1592,120-03,FORM B,CONTRACTOR,واحد H.O.S کیسون,دریافت جهت بررسی,,KCC07A\V.Salehipour -- 2025-11-26 16:07:31,11/26/2025 12:00:00 AM
1593,120-03,FORM B,CONTRACTOR,شرکت نیرو آرا اندیش,دریافت جهت رفع پانچ,,KCC07A\V.Salehipour -- 2025-11-26 16:07:53,11/27/2025 12:00:00 AM
1594,ES-02,FORM A,PRECOM,واحد پیش راه اندازی سبلان,جهت بررسی و ثبت پانچ,,KCC07A\V.Salehipour -- 2025-11-26 16:20:37,11/25/2025 12:00:00 AM
1595,ES-02,FORM B,CONTRACTOR,واحد H.O.S کیسون,دریافت جهت بررسی,,KCC07A\V.Salehipour -- 2025-11-26 16:09:52,11/26/2025 12:00:00 AM
1596,ES-02,FORM B,CONTRACTOR,شرکت نیرو آرا اندیش,دریافت جهت رفع پانچ,,KCC07A\V.Salehipour -- 2025-11-26 16:11:00,11/27/2025 12:00:00 AM
1597,120-11,FORM A,OWNER,واحد ساختمان نصب,جهت بررسی و ثبت پانچ,مهندس دیندارلو,KCC07A\V.Salehipour -- 2025-11-26 16:13:25,10/26/2025 12:00:00 AM
1598,120-11,FORM A,PRECOM,واحد پیش راه اندازی سبلان,جهت بررسی و ثبت پانچ,,KCC07A\V.Salehipour -- 2025-11-26 16:20:12,11/25/2025 12:00:00 AM
1599,120-11,FORM B,CONTRACTOR,واحد H.O.S کیسون,دریافت جهت بررسی,,KCC07A\V.Salehipour -- 2025-11-26 16:14:26,11/26/2025 12:00:00 AM
1600,120-11,FORM B,CONTRACTOR,شرکت نیرو آرا اندیش,دریافت جهت رفع پانچ,,KCC07A\V.Salehipour -- 2025-11-26 16:14:47,11/27/2025 12:00:00 AM
1601,120-09,FORM A,OWNER,واحد ساختمان نصب,جهت بررسی و ثبت پانچ,مهندس دیندارلو,KCC07A\V.Salehipour -- 2025-11-26 16:15:44,10/26/2025 12:00:00 AM
1602,120-09,FORM A,PRECOM,واحد پیش راه اندازی سبلان,جهت بررسی و ثبت پانچ,,KCC07A\V.Salehipour -- 2025-11-26 16:17:16,11/25/2025 12:00:00 AM
1603,120-09,FORM B,CONTRACTOR,واحد H.O.S کیسون,دریافت جهت بررسی,,KCC07A\V.Salehipour -- 2025-11-26 16:17:46,11/26/2025 12:00:00 AM
1604,120-09,FORM B,CONTRACTOR,شرکت نیرو آرا اندیش,دریافت جهت رفع پانچ,,KCC07A\V.Salehipour -- 2025-11-26 16:18:21,11/27/2025 12:00:00 AM
1605,LS-12,FORM A,PRECOM,واحد پیش راه اندازی سبلان,دریافت جهت بررسی و ثبت پانچ,,KCC07A\V.Salehipour -- 2025-11-26 16:19:10,11/25/2025 12:00:00 AM
1606,LS-12,FORM B,CONTRACTOR,واحد H.O.S کیسون,دریافت جهت بررسی,,KCC07A\V.Salehipour -- 2025-11-26 16:19:29,11/26/2025 12:00:00 AM
1607,LS-12,FORM B,CONTRACTOR,شرکت نیرو آرا اندیش,دریافت جهت رفع پانچ,,KCC07A\V.Salehipour -- 2025-11-26 16:19:46,11/27/2025 12:00:00 AM
1608,120-03,FORM A,PRECOM,واحد پیش راه اندازی سبلان,جهت بررسی و ثبت پانچ,,KCC07A\V.Salehipour -- 2025-11-26 16:21:12,11/25/2025 12:00:00 AM
1609,120-02,FORM A,PRECOM,واحد پیش راه اندازی سبلان,جهت بررسی و ثبت پانچ,,KCC07A\V.Salehipour -- 2025-11-26 16:22:59,11/25/2025 12:00:00 AM
1610,ES-07,FORM A,PRECOM,واحد پیش راه اندازی سبلان,جهت بررسی و ثبت پانچ,,KCC07A\V.Salehipour -- 2025-11-26 16:23:32,11/25/2025 12:00:00 AM
1611,120-06,FORM A,PRECOM,واحد پیش راه اندازی سبلان,جهت بررسی و ثبت پانچ,,KCC07A\V.Salehipour -- 2025-11-26 16:24:04,11/25/2025 12:00:00 AM
1612,120-05,FORM A,PRECOM,واحد پیش راه اندازی سبلان,جهت بررسی و ثبت پانچ,,KCC07A\V.Salehipour -- 2025-11-26 16:24:33,11/25/2025 12:00:00 AM
1613,120-10,FORM A,OWNER,واحد ساختمان نصب,جهت بررسی و ثبت پانچ,مهندس دیندارلو,KCC07A\V.Salehipour -- 2025-11-26 16:25:49,10/26/2025 12:00:00 AM
1614,120-10,FORM A,PRECOM,واحد پیش راه اندازی سبلان,جهت بررسی و ثبت پانچ,,KCC07A\V.Salehipour -- 2025-11-26 16:26:10,11/25/2025 12:00:00 AM
1615,120-01,FORM A,PRECOM,واحد پیش راه اندازی سبلان,جهت بررسی و ثبت پانچ,,KCC07A\V.Salehipour -- 2025-11-26 16:26:43,11/25/2025 12:00:00 AM
1616,120-04,FORM A,PRECOM,واحد پیش راه اندازی سبلان,جهت بررسی و ثبت پانچ,,KCC07A\V.Salehipour -- 2025-11-26 16:27:33,11/25/2025 12:00:00 AM
1617,ES-10,FORM A,PRECOM,واحد پیش راه اندازی سبلان,جهت بررسی و ثبت پانچ,,KCC07A\V.Salehipour -- 2025-11-26 16:28:15,11/25/2025 12:00:00 AM
1618,5000-03,FORM A,CONTRACTOR,واحد H.O.S کیسون,آماده سازی و ارسال, (11 زونکن),KCC07A\S.Baratianmehr -- 2025-12-01 18:16:56,10/30/2025 12:00:00 AM
1619,5000-03,FORM A,CONTRACTOR,واحد H.O.S کیسون,بررسی,,KCC07A\S.Baratianmehr -- 2025-11-27 15:07:47,11/27/2025 12:00:00 AM
1620,2000-06,FORM A,CONTRACTOR,واحد H.O.S کیسون,بررسی,,KCC07A\S.Baratianmehr -- 2025-11-29 06:42:38,11/28/2025 12:00:00 AM
1621,3000-04,FORM A,CONTRACTOR,واحد H.O.S کیسون,بررسی,,KCC07A\S.Baratianmehr -- 2025-11-27 15:09:02,11/27/2025 12:00:00 AM
1622,7000-01,FORM A,CONTRACTOR,واحد H.O.S کیسون,بررسی,,KCC07A\S.Baratianmehr -- 2025-11-27 15:09:34,11/27/2025 12:00:00 AM
1623,5000-05,FORM A,CONTRACTOR,واحد H.O.S کیسون,بررسی,,KCC07A\S.Baratianmehr -- 2025-11-27 15:09:59,11/27/2025 12:00:00 AM
1624,5000-04,FORM A,CONTRACTOR,واحد H.O.S کیسون,بررسی,,KCC07A\S.Baratianmehr -- 2025-11-27 15:10:24,11/27/2025 12:00:00 AM
1625,5000-01,FORM A,CONTRACTOR,واحد H.O.S کیسون,بررسی,,KCC07A\S.Baratianmehr -- 2025-11-27 15:10:48,11/27/2025 12:00:00 AM
1626,5000-01,FORM A,OWNER,واحد ساختمان نصب,دریافت جهت بررسی و ثبت پانچ,,KCC07A\S.Baratianmehr -- 2025-11-27 17:59:42,11/28/2025 12:00:00 AM
1627,5000-02,FORM A,OWNER,واحد ساختمان نصب,دریافت جهت بررسی و ثبت پانچ,,KCC07A\S.Baratianmehr -- 2025-11-28 09:10:20,11/28/2025 12:00:00 AM
1628,5000-02,FORM A,CONTRACTOR,واحد H.O.S کیسون,بررسی,,KCC07A\V.Salehipour -- 2025-12-08 16:57:23,11/27/2025 12:00:00 AM
1629,5000-03,FORM A,OWNER,واحد ساختمان نصب,دریافت جهت بررسی و ثبت پانچ,,KCC07A\S.Baratianmehr -- 2025-11-27 18:04:23,11/28/2025 12:00:00 AM
1630,5000-04,FORM A,OWNER,واحد ساختمان نصب,دریافت جهت بررسی و ثبت پانچ,,KCC07A\S.Baratianmehr -- 2025-11-27 18:04:50,11/28/2025 12:00:00 AM
1631,5000-05,FORM A,OWNER,واحد ساختمان نصب,دریافت جهت بررسی و ثبت پانچ,,KCC07A\S.Baratianmehr -- 2025-11-27 18:05:13,11/28/2025 12:00:00 AM
1632,7000-01,FORM A,OWNER,واحد ساختمان نصب,دریافت جهت بررسی و ثبت پانچ,,KCC07A\V.Salehipour -- 2025-11-28 09:20:20,11/28/2025 12:00:00 AM
1633,2000-06,FORM A,OWNER,واحد ساختمان نصب,دریافت جهت بررسی و ثبت پانچ,,KCC07A\S.Baratianmehr -- 2025-11-29 06:42:58,11/29/2025 12:00:00 AM
1634,3000-04,FORM A,OWNER,واحد ساختمان نصب,دریافت جهت بررسی و ثبت پانچ,,KCC07A\S.Baratianmehr -- 2025-11-29 06:44:38,11/29/2025 12:00:00 AM
1635,ES-11,FORM A,CONTRACTOR,واحد H.O.S کیسون,بررسی,,KCC07A\S.Baratianmehr -- 2025-11-29 06:57:18,9/21/2025 12:00:00 AM
1636,ES-11,FORM A,CONTRACTOR,شرکت نیرو آرا اندیش,دریافت جهت رفع نقص و تکمیل امضاء,,KCC07A\S.Baratianmehr -- 2025-11-29 06:57:59,9/22/2025 12:00:00 AM
1637,4000-05,FORM A,CONTRACTOR,واحد H.O.S کیسون,بررسی,,KCC07A\S.Baratianmehr -- 2025-11-29 07:06:26,10/25/2025 12:00:00 AM
1638,4000-05,FORM A,CONTRACTOR,واحد تست پکیج کیسون,دریافت جهت رفع نقص و تکمیل امضاء,,KCC07A\S.Baratianmehr -- 2025-11-29 07:06:56,10/27/2025 12:00:00 AM
1639,4000-03,FORM A,CONTRACTOR,واحد H.O.S کیسون,بررسی,,KCC07A\S.Baratianmehr -- 2025-11-29 07:10:23,11/28/2025 12:00:00 AM
1640,3000-01,FORM A,CONTRACTOR,واحد H.O.S کیسون,بررسی,,KCC07A\S.Baratianmehr -- 2025-11-29 07:10:54,11/28/2025 12:00:00 AM
1641,120-12,FORM A,CONTRACTOR,واحد H.O.S کیسون,بررسی,,KCC07A\S.Baratianmehr -- 2025-11-29 07:11:41,11/28/2025 12:00:00 AM
1642,LS-14,FORM C,CONTRACTOR,واحد H.O.S کیسون,بررسی,,KCC07A\S.Baratianmehr -- 2025-11-29 07:25:34,11/3/2025 12:00:00 AM
1643,LS-14,FORM C,CONTRACTOR,شرکت نیرو آرا اندیش,در حال تکمیل فعالیتهای اجرایی,,KCC07A\S.Baratianmehr -- 2025-11-29 07:26:12,11/4/2025 12:00:00 AM
1644,ES-01,FORM C,CONTRACTOR,واحد H.O.S کیسون,آماده سازی و ارسال فرم C,,KCC07A\S.Baratianmehr -- 2025-11-29 07:28:28,9/23/2025 12:00:00 AM
1645,ES-01,FORM C,CONTRACTOR,واحد H.O.S کیسون,بررسی,,KCC07A\S.Baratianmehr -- 2025-11-29 07:29:05,9/28/2025 12:00:00 AM
1646,ES-01,FORM C,CONTRACTOR,شرکت نیرو آرا اندیش,در حال تکمیل فعالیتهای اجرایی,,KCC07A\S.Baratianmehr -- 2025-11-29 07:30:57,9/29/2025 12:00:00 AM
1647,LS-06,FORM A,CONTRACTOR,واحد H.O.S کیسون,بررسی,,KCC07A\S.Baratianmehr -- 2025-11-29 09:16:41,11/29/2025 12:00:00 AM
1648,LS-06,FORM A,OWNER,واحد ساختمان نصب,جهت بررسی و ثبت پانچ,,KCC07A\S.Baratianmehr -- 2025-11-29 13:13:29,11/29/2025 12:00:00 AM
1649,120-12,FORM A,OWNER,واحد ساختمان نصب,دریافت جهت بررسی و ثبت پانچ,,KCC07A\S.Baratianmehr -- 2025-11-29 13:14:38,11/29/2025 12:00:00 AM
1650,3000-01,FORM A,OWNER,واحد ساختمان نصب,دریافت جهت بررسی و ثبت پانچ,,KCC07A\S.Baratianmehr -- 2025-11-29 13:55:40,11/29/2025 12:00:00 AM
1651,4000-03,FORM A,TPA,TPA (IEI),دریافت جهت رفع نقص و تکمیل امضاء,,KCC07A\S.Baratianmehr -- 2025-11-29 13:57:55,11/29/2025 12:00:00 AM
1653,1000-01,FORM A,CONTRACTOR,واحد H.O.S کیسون,آماده سازی و ارسال,7 زونکن,KCC07A\S.Baratianmehr -- 2025-12-01 18:23:00,11/29/2025 12:00:00 AM
1654,1000-01,FORM A,TPA,TPA (IEI),دریافت جهت بررسی و ثبت پانچ,,KCC07A\S.Baratianmehr -- 2025-12-01 18:22:59,11/30/2025 12:00:00 AM
1657,2000-01,FORM A,CONTRACTOR,واحد H.O.S کیسون,آماده سازی و ارسال,4 زونکن,KCC07A\S.Baratianmehr -- 2025-12-01 18:22:53,11/30/2025 12:00:00 AM
1658,2000-01,FORM A,TPA,TPA (IEI),دریافت جهت بررسی و ثبت پانچ,,KCC07A\S.Baratianmehr -- 2025-12-01 18:22:47,12/1/2025 12:00:00 AM
1659,2000-05,FORM A,CONTRACTOR,واحد H.O.S کیسون,آماده سازی و ارسال,9 زونکن,KCC07A\S.Baratianmehr -- 2025-12-01 18:22:35,11/30/2025 12:00:00 AM
1660,2000-05,FORM A,TPA,TPA (IEI),دریافت جهت بررسی و ثبت پانچ,,KCC07A\S.Baratianmehr -- 2025-12-01 18:22:33,12/1/2025 12:00:00 AM
1661,4000-03,FORM A,CONTRACTOR,واحد H.O.S کیسون,بررسی,,KCC07A\S.Baratianmehr -- 2025-12-02 09:18:39,12/1/2025 12:00:00 AM
1662,3000-03,FORM A,CONTRACTOR,واحد H.O.S کیسون,آماده سازی و ارسال,,KCC07A\S.Baratianmehr -- 2025-12-02 10:26:45,12/1/2025 12:00:00 AM
1663,3000-03,FORM A,TPA,TPA (IEI),دریافت جهت بررسی و ثبت پانچ,,KCC07A\S.Baratianmehr -- 2025-12-02 10:27:02,12/2/2025 12:00:00 AM
1664,4000-03,FORM A,OWNER,واحد ساختمان نصب,دریافت جهت بررسی و ثبت پانچ,,KCC07A\S.Baratianmehr -- 2025-12-02 10:58:48,12/2/2025 12:00:00 AM
1665,BLD-01,FORM A,CONTRACTOR,واحد H.O.S کیسون,بررسی,,KCC07A\S.Baratianmehr -- 2025-12-03 09:56:14,12/2/2025 12:00:00 AM
1666,BLD-01,FORM A,OWNER,واحد ساختمان نصب,دریافت جهت بررسی و ثبت پانچ,VOL:04PIPING,KCC07A\S.Baratianmehr -- 2025-12-03 09:57:39,12/3/2025 12:00:00 AM
1667,BLD-02,FORM A,CONTRACTOR,واحد H.O.S کیسون,بررسی,,KCC07A\S.Baratianmehr -- 2025-12-03 09:58:24,12/2/2025 12:00:00 AM
1668,BLD-02,FORM A,OWNER,واحد ساختمان نصب,دریافت جهت بررسی و ثبت پانچ,,KCC07A\S.Baratianmehr -- 2025-12-03 09:58:40,12/3/2025 12:00:00 AM
1669,4000-14,FORM A,CONTRACTOR,واحد H.O.S کیسون,آماده سازی و ارسال,22,KCC07A\S.Baratianmehr -- 2025-12-08 17:23:49,12/2/2025 12:00:00 AM
1670,4000-14,FORM A,TPA,TPA (IEI),دریافت جهت بررسی و ثبت پانچ,,KCC07A\S.Baratianmehr -- 2025-12-03 11:45:36,12/3/2025 12:00:00 AM
1671,LS-01,FORM A,CONTRACTOR,واحد H.O.S کیسون,آماده سازی و ارسال,,KCC07A\S.Baratianmehr -- 2025-12-04 15:37:13,12/3/2025 12:00:00 AM
1672,LS-01,FORM A,TPA,TPA (IEI),دریافت جهت بررسی و ثبت پانچ,,KCC07A\S.Baratianmehr -- 2025-12-04 15:37:29,12/4/2025 12:00:00 AM
1673,120-12,FORM A,PRECOM,واحد پیش راه اندازی سبلان,دریافت جهت بررسی و ثبت پانچ,,KCC07A\S.Baratianmehr -- 2025-12-06 09:50:10,12/6/2025 12:00:00 AM
1674,LS-06,FORM A,PRECOM,واحد پیش راه اندازی سبلان,دریافت جهت بررسی و ثبت پانچ,,KCC07A\S.Baratianmehr -- 2025-12-06 09:50:44,12/6/2025 12:00:00 AM
1675,5000-01,FORM A,PRECOM,واحد پیش راه اندازی سبلان,دریافت جهت بررسی و ثبت پانچ,پایپینگ و مکانیکال 12 زونکن,KCC07A\V.Salehipour -- 2025-12-06 11:08:42,12/6/2025 12:00:00 AM
1676,5000-05,FORM A,PRECOM,واحد پیش راه اندازی سبلان,دریافت جهت بررسی و ثبت پانچ,,KCC07A\V.Salehipour -- 2025-12-06 11:06:50,12/6/2025 12:00:00 AM
1677,4000-03,FORM A,PRECOM,واحد پیش راه اندازی سبلان,دریافت جهت بررسی و ثبت پانچ,2 زونکن,KCC07A\V.Salehipour -- 2025-12-06 11:07:53,12/6/2025 12:00:00 AM
1678,2000-06,FORM A,PRECOM,واحد پیش راه اندازی سبلان,دریافت جهت بررسی و ثبت پانچ,,KCC07A\V.Salehipour -- 2025-12-06 11:08:22,12/6/2025 12:00:00 AM
1679,CVL-01,FORM A,CONTRACTOR,واحد اجرایی کیسون,در حال تکمیل فعالیتهای اجرایی,,KCC07A\S.Baratianmehr -- 2025-12-06 16:25:46,6/24/2025 12:00:00 AM
1680,CVL-01,FORM A,CONTRACTOR,واحد H.O.S کیسون,آماده سازی و ارسال,62 زونکن,KCC07A\S.Baratianmehr -- 2025-12-06 16:26:25,12/5/2025 12:00:00 AM
1681,CVL-01,FORM A,OWNER,واحد ساختمان نصب,دریافت جهت بررسی و ثبت پانچ,مهندس رضوی,KCC07A\S.Baratianmehr -- 2025-12-06 16:27:00,12/6/2025 12:00:00 AM
1682,1000-03,FORM A,CONTRACTOR,واحد H.O.S کیسون,آماده سازی و ارسال,13 زونکن,KCC07A\S.Baratianmehr -- 2025-12-08 09:17:48,12/7/2025 12:00:00 AM
1683,1000-03,FORM A,TPA,TPA (IEI),دریافت جهت بررسی و ثبت پانچ,,KCC07A\S.Baratianmehr -- 2025-12-08 09:18:02,12/8/2025 12:00:00 AM
1684,2000-02,FORM A,CONTRACTOR,واحد H.O.S کیسون,آماده سازی و ارسال,5 زونکن,KCC07A\S.Baratianmehr -- 2025-12-08 10:07:19,12/7/2025 12:00:00 AM
1685,2000-02,FORM A,TPA,TPA (IEI),دریافت جهت بررسی و ثبت پانچ,,KCC07A\S.Baratianmehr -- 2025-12-08 10:07:03,12/8/2025 12:00:00 AM
1686,LS-01,FORM A,CONTRACTOR,واحد H.O.S کیسون,بررسی,,KCC07A\S.Baratianmehr -- 2025-12-08 14:44:06,12/7/2025 12:00:00 AM
1687,3000-04,FORM A,CONTRACTOR,واحد H.O.S کیسون,بررسی,,KCC07A\S.Baratianmehr -- 2025-12-08 12:15:19,12/8/2025 12:00:00 AM
1690,LS-06,FORM B,CONTRACTOR,واحد H.O.S کیسون,بررسی,,KCC07A\S.Baratianmehr -- 2025-12-08 14:21:41,12/8/2025 12:00:00 AM
1691,LS-06,FORM B,CONTRACTOR,شرکت نیرو آرا اندیش,دریافت جهت بررسی و ثبت پانچ,,KCC07A\S.Baratianmehr -- 2025-12-08 14:25:07,12/9/2025 12:00:00 AM
1692,120-12,FORM B,CONTRACTOR,واحد H.O.S کیسون,دریافت جهت بررسی,,KCC07A\S.Baratianmehr -- 2025-12-08 14:23:16,12/8/2025 12:00:00 AM
1693,120-12,FORM B,CONTRACTOR,شرکت نیرو آرا اندیش,دریافت جهت بررسی و ثبت پانچ,,KCC07A\S.Baratianmehr -- 2025-12-08 14:25:21,12/9/2025 12:00:00 AM
1694,2000-01,FORM A,CONTRACTOR,واحد H.O.S کیسون,بررسی,,KCC07A\S.Baratianmehr -- 2025-12-08 14:43:49,12/7/2025 12:00:00 AM
1695,2000-01,FORM A,OWNER,واحد ساختمان نصب,جهت بررسی و ثبت پانچ,,KCC07A\S.Baratianmehr -- 2025-12-08 14:43:38,12/8/2025 12:00:00 AM
1696,LS-01,FORM A,OWNER,واحد ساختمان نصب,جهت بررسی و ثبت پانچ,,KCC07A\S.Baratianmehr -- 2025-12-08 14:44:26,12/8/2025 12:00:00 AM
1697,BLD-02,FORM A,PRECOM,واحد پیش راه اندازی سبلان,دریافت جهت بررسی و ثبت پانچ,,KCC07A\S.Baratianmehr -- 2025-12-08 14:58:46,12/8/2025 12:00:00 AM
1698,BLD-01,FORM A,PRECOM,واحد پیش راه اندازی سبلان,دریافت جهت بررسی و ثبت پانچ,VOL:04PIPING,KCC07A\S.Baratianmehr -- 2025-12-08 14:59:35,12/8/2025 12:00:00 AM
1699,5000-02,FORM A,CONTRACTOR,واحد H.O.S کیسون,بررسی,,KCC07A\V.Salehipour -- 2025-12-08 16:57:58,12/8/2025 12:00:00 AM
1700,1000-01,FORM A,CONTRACTOR,واحد H.O.S کیسون,بررسی,,KCC07A\S.Baratianmehr -- 2025-12-08 17:14:41,12/8/2025 12:00:00 AM
1701,2000-05,FORM A,CONTRACTOR,واحد H.O.S کیسون,بررسی,,KCC07A\S.Baratianmehr -- 2025-12-08 17:15:01,12/8/2025 12:00:00 AM
1702,3000-03,FORM A,CONTRACTOR,واحد H.O.S کیسون,بررسی,,KCC07A\S.Baratianmehr -- 2025-12-08 17:18:29,12/8/2025 12:00:00 AM
1703,4000-14,FORM A,CONTRACTOR,واحد H.O.S کیسون,دریافت جهت بررسی,,KCC07A\V.Salehipour -- 2025-12-09 14:38:58,12/9/2025 12:00:00 AM
1704,3000-04,FORM A,PRECOM,واحد پیش راه اندازی سبلان,دریافت جهت بررسی و ثبت پانچ,,KCC07A\V.Salehipour -- 2025-12-09 17:32:41,12/9/2025 12:00:00 AM
1705,5000-02,FORM A,PRECOM,واحد پیش راه اندازی سبلان,دریافت جهت بررسی و ثبت پانچ,,KCC07A\V.Salehipour -- 2025-12-10 13:09:12,12/10/2025 12:00:00 AM
1706,2000-05,FORM A,OWNER,واحد ساختمان نصب,دریافت جهت بررسی و ثبت پانچ,,KCC07A\V.Salehipour -- 2025-12-10 13:10:23,12/10/2025 12:00:00 AM
1707,3000-03,FORM A,OWNER,واحد ساختمان نصب,دریافت جهت بررسی و ثبت پانچ,,KCC07A\V.Salehipour -- 2025-12-10 13:11:17,12/10/2025 12:00:00 AM
1708,4000-14,FORM A,OWNER,واحد ساختمان نصب,دریافت جهت بررسی و ثبت پانچ,,KCC07A\V.Salehipour -- 2025-12-10 13:12:42,12/10/2025 12:00:00 AM
1709,1000-01,FORM A,OWNER,واحد ساختمان نصب,دریافت جهت بررسی و ثبت پانچ,,KCC07A\V.Salehipour -- 2025-12-10 13:13:26,12/10/2025 12:00:00 AM
1710,3000-01,FORM A,CONTRACTOR,واحد H.O.S کیسون,دریافت جهت بررسی,,KCC07A\V.Salehipour -- 2025-12-12 10:05:49,12/12/2025 12:00:00 AM
1711,5000-03,FORM A,CONTRACTOR,واحد H.O.S کیسون,دریافت جهت بررسی,,KCC07A\V.Salehipour -- 2025-12-12 10:06:37,12/12/2025 12:00:00 AM
1712,4000-04,FORM A,CONTRACTOR,واحد H.O.S کیسون,آماده سازی و ارسال,11 زونکن,KCC07A\V.Salehipour -- 2025-12-13 10:00:30,12/12/2025 12:00:00 AM
1713,4000-04,FORM A,TPA,TPA (IEI),پانچ گذاری,,KCC07A\V.Salehipour -- 2025-12-13 09:59:31,12/13/2025 12:00:00 AM
1714,1000-02,FORM A,CONTRACTOR,واحد H.O.S کیسون,آماده سازی و ارسال,9زونکن,KCC07A\V.Salehipour -- 2025-12-13 10:00:04,12/12/2025 12:00:00 AM
1715,1000-02,FORM A,TPA,TPA (IEI),پانچ گذاری,,KCC07A\V.Salehipour -- 2025-12-13 10:00:20,12/13/2025 12:00:00 AM
