Sub_System,Subsystem_Name,STEP,UNIT,PERSON,RECEIVED_DATE,DESCRIPTION
1000-01,Natural Gas and Desulphurization,Execution Activities,CONTRACTOR,واحد اجرایی کیسون ,11/20/2025 12:00:00 AM,در حال تکمیل فعالیتهای اجرایی
1000-01,Natural Gas and Desulphurization,FORM A,CONTRACTOR,واحد H.O.S کیسون,11/29/2025 12:00:00 AM,آماده سازی و ارسال
1000-01,Natural Gas and Desulphurization,FORM A,TPA,TPA (IEI),11/30/2025 12:00:00 AM,دریافت جهت بررسی و ثبت پانچ
1000-01,Natural Gas and Desulphurization,FORM A,CONTRACTOR,واحد H.O.S کیسون,12/8/2025 12:00:00 AM,بررسی
1000-01,Natural Gas and Desulphurization,FORM A,OWNER,واحد ساختمان نصب,12/10/2025 12:00:00 AM,دریافت جهت بررسی و ثبت پانچ
1000-01,Natural Gas and Desulphurization,FORM A,PRECOM,واحد پیش راه اندازی سبلان,12/14/2025 12:00:00 AM,دریافت جهت بررسی و ثبت پانچ
1000-02,Fuel Gas & Distribution,FORM A,CONTRACTOR,واحد H.O.S کیسون,12/19/2025 12:00:00 AM,بررسی
1000-02,Fuel Gas & Distribution,FORM A,OWNER,واحد ساختمان نصب,12/20/2025 12:00:00 AM,دریافت جهت بررسی و ثبت پانچ
1000-02,Fuel Gas & Distribution,FORM A,CONTRACTOR,واحد H.O.S کیسون,12/12/2025 12:00:00 AM,آماده سازی و ارسال
1000-02,Fuel Gas & Distribution,FORM A,TPA,TPA (IEI),12/13/2025 12:00:00 AM,پانچ گذاری
1000-02,Fuel Gas & Distribution,Execution Activities,CONTRACTOR,واحد اجرایی کیسون ,12/4/2025 12:00:00 AM,در حال تکمیل فعالیتهای اجرایی
1000-03,Natural Gas Saturation & Condensate,Execution Activities,CONTRACTOR,واحد اجرایی کیسون ,12/4/2025 12:00:00 AM,در حال تکمیل فعالیتهای اجرایی
1000-03,Natural Gas Saturation & Condensate,FORM A,CONTRACTOR,واحد H.O.S کیسون,12/7/2025 12:00:00 AM,آماده سازی و ارسال
1000-03,Natural Gas Saturation & Condensate,FORM A,TPA,TPA (IEI),12/8/2025 12:00:00 AM,دریافت جهت بررسی و ثبت پانچ
1000-03,Natural Gas Saturation & Condensate,FORM A,CONTRACTOR,واحد H.O.S کیسون,12/19/2025 12:00:00 AM,بررسی
1000-03,Natural Gas Saturation & Condensate,FORM A,OWNER,واحد ساختمان نصب,12/20/2025 12:00:00 AM,دریافت جهت بررسی و ثبت پانچ
120-01,6kV SWITCHBOARD SS-SWB2A/B-01,Execution Activities,CONTRACTOR,واحد اجرایی کیسون ,10/19/2025 12:00:00 AM,در حال تکمیل فعالیتهای اجرایی
120-01,6kV SWITCHBOARD SS-SWB2A/B-01,FORM A,CONTRACTOR,واحد H.O.S کیسون,10/20/2025 12:00:00 AM,آماده سازی و ارسال
120-01,6kV SWITCHBOARD SS-SWB2A/B-01,FORM A,TPA,TPA (IEI),10/21/2025 12:00:00 AM,پانچ گذاری
120-01,6kV SWITCHBOARD SS-SWB2A/B-01,FORM A,OWNER,واحد ساختمان نصب,10/22/2025 12:00:00 AM,جهت بررسی و ثبت پانچ
120-01,6kV SWITCHBOARD SS-SWB2A/B-01,FORM B,CONTRACTOR,واحد H.O.S کیسون,11/26/2025 12:00:00 AM,دریافت جهت بررسی
120-01,6kV SWITCHBOARD SS-SWB2A/B-01,FORM B,CONTRACTOR,شرکت نیرو آرا اندیش,11/27/2025 12:00:00 AM,دریافت جهت رفع پانچ
120-01,6kV SWITCHBOARD SS-SWB2A/B-01,FORM A,PRECOM,واحد پیش راه اندازی سبلان,11/25/2025 12:00:00 AM,جهت بررسی و ثبت پانچ
120-02,0-4KV SWITCHBOARD SS-SWB3A/B-01,FORM A,PRECOM,واحد پیش راه اندازی سبلان,11/25/2025 12:00:00 AM,جهت بررسی و ثبت پانچ
120-02,0-4KV SWITCHBOARD SS-SWB3A/B-01,FORM B,CONTRACTOR,واحد H.O.S کیسون,11/26/2025 12:00:00 AM,دریافت جهت بررسی
120-02,0-4KV SWITCHBOARD SS-SWB3A/B-01,FORM B,CONTRACTOR,شرکت نیرو آرا اندیش,11/27/2025 12:00:00 AM,دریافت جهت رفع پانچ
120-02,0-4KV SWITCHBOARD SS-SWB3A/B-01,FORM A,OWNER,واحد ساختمان نصب,10/21/2025 12:00:00 AM,دریافت جهت بررسی و ثبت پانچ
120-02,0-4KV SWITCHBOARD SS-SWB3A/B-01,FORM A,CONTRACTOR,واحد H.O.S کیسون,10/5/2025 12:00:00 AM,آماده سازی و ارسال
120-02,0-4KV SWITCHBOARD SS-SWB3A/B-01,FORM A,PRECOM,واحد پیش راه اندازی سبلان,10/6/2025 12:00:00 AM,بررسی جهت تائید 
120-02,0-4KV SWITCHBOARD SS-SWB3A/B-01,FORM A,TPA,TPA (IEI),10/7/2025 12:00:00 AM,پانچ گذاری
120-02,0-4KV SWITCHBOARD SS-SWB3A/B-01,Execution Activities,CONTRACTOR,واحد اجرایی کیسون ,10/4/2025 12:00:00 AM,در حال تکمیل فعالیتهای اجرایی
120-03,0-4KV SWITCHBOARD SS-SWB3A/B-02,Execution Activities,CONTRACTOR,واحد اجرایی کیسون ,10/4/2025 12:00:00 AM,در حال تکمیل فعالیتهای اجرایی
120-03,0-4KV SWITCHBOARD SS-SWB3A/B-02,FORM A,CONTRACTOR,واحد H.O.S کیسون,10/5/2025 12:00:00 AM,آماده سازی و ارسال
120-03,0-4KV SWITCHBOARD SS-SWB3A/B-02,FORM A,PRECOM,واحد پیش راه اندازی سبلان,10/6/2025 12:00:00 AM,بررسی جهت تائید 
120-03,0-4KV SWITCHBOARD SS-SWB3A/B-02,FORM A,TPA,TPA (IEI),10/7/2025 12:00:00 AM,پانچ گذاری
120-03,0-4KV SWITCHBOARD SS-SWB3A/B-02,FORM A,OWNER,واحد ساختمان نصب,10/21/2025 12:00:00 AM,دریافت جهت بررسی و ثبت پانچ
120-03,0-4KV SWITCHBOARD SS-SWB3A/B-02,FORM B,CONTRACTOR,واحد H.O.S کیسون,11/26/2025 12:00:00 AM,دریافت جهت بررسی
120-03,0-4KV SWITCHBOARD SS-SWB3A/B-02,FORM B,CONTRACTOR,شرکت نیرو آرا اندیش,11/27/2025 12:00:00 AM,دریافت جهت رفع پانچ
120-03,0-4KV SWITCHBOARD SS-SWB3A/B-02,FORM A,PRECOM,واحد پیش راه اندازی سبلان,11/25/2025 12:00:00 AM,جهت بررسی و ثبت پانچ
120-04,0-4KV SWITCHBOARD SS-SWB3A/B-03,FORM A,PRECOM,واحد پیش راه اندازی سبلان,11/25/2025 12:00:00 AM,جهت بررسی و ثبت پانچ
120-04,0-4KV SWITCHBOARD SS-SWB3A/B-03,FORM B,CONTRACTOR,واحد H.O.S کیسون,11/26/2025 12:00:00 AM,دریافت جهت بررسی
120-04,0-4KV SWITCHBOARD SS-SWB3A/B-03,FORM B,CONTRACTOR,شرکت نیرو آرا اندیش,11/27/2025 12:00:00 AM,دریافت جهت رفع پانچ
120-04,0-4KV SWITCHBOARD SS-SWB3A/B-03,FORM A,OWNER,واحد ساختمان نصب,10/21/2025 12:00:00 AM,دریافت جهت بررسی و ثبت پانچ
120-04,0-4KV SWITCHBOARD SS-SWB3A/B-03,FORM A,CONTRACTOR,واحد H.O.S کیسون,10/5/2025 12:00:00 AM,آماده سازی و ارسال
120-04,0-4KV SWITCHBOARD SS-SWB3A/B-03,FORM A,PRECOM,واحد پیش راه اندازی سبلان,10/6/2025 12:00:00 AM,بررسی جهت تائید 
120-04,0-4KV SWITCHBOARD SS-SWB3A/B-03,FORM A,TPA,TPA (IEI),10/7/2025 12:00:00 AM,پانچ گذاری
120-04,0-4KV SWITCHBOARD SS-SWB3A/B-03,Execution Activities,CONTRACTOR,واحد اجرایی کیسون ,10/4/2025 12:00:00 AM,در حال تکمیل فعالیتهای اجرایی
120-05,0-4KV SWITCHBOARD SS-SWB3A/B-04,Execution Activities,CONTRACTOR,واحد اجرایی کیسون ,10/4/2025 12:00:00 AM,در حال تکمیل فعالیتهای اجرایی
120-05,0-4KV SWITCHBOARD SS-SWB3A/B-04,FORM A,CONTRACTOR,واحد H.O.S کیسون,10/5/2025 12:00:00 AM,آماده سازی و ارسال
120-05,0-4KV SWITCHBOARD SS-SWB3A/B-04,FORM A,PRECOM,واحد پیش راه اندازی سبلان,10/6/2025 12:00:00 AM,بررسی جهت تائید 
120-05,0-4KV SWITCHBOARD SS-SWB3A/B-04,FORM A,TPA,TPA (IEI),10/7/2025 12:00:00 AM,پانچ گذاری
120-05,0-4KV SWITCHBOARD SS-SWB3A/B-04,FORM A,OWNER,واحد ساختمان نصب,10/21/2025 12:00:00 AM,دریافت جهت بررسی و ثبت پانچ
120-05,0-4KV SWITCHBOARD SS-SWB3A/B-04,FORM B,CONTRACTOR,واحد H.O.S کیسون,11/26/2025 12:00:00 AM,دریافت جهت بررسی
120-05,0-4KV SWITCHBOARD SS-SWB3A/B-04,FORM B,CONTRACTOR,شرکت نیرو آرا اندیش,11/27/2025 12:00:00 AM,دریافت جهت رفع پانچ
120-05,0-4KV SWITCHBOARD SS-SWB3A/B-04,FORM A,PRECOM,واحد پیش راه اندازی سبلان,11/25/2025 12:00:00 AM,جهت بررسی و ثبت پانچ
120-06,0-4KV SWITCHBOARD SS-SWB3A/B-05,FORM A,PRECOM,واحد پیش راه اندازی سبلان,11/25/2025 12:00:00 AM,جهت بررسی و ثبت پانچ
120-06,0-4KV SWITCHBOARD SS-SWB3A/B-05,FORM B,CONTRACTOR,واحد H.O.S کیسون,11/26/2025 12:00:00 AM,دریافت جهت بررسی
120-06,0-4KV SWITCHBOARD SS-SWB3A/B-05,FORM B,CONTRACTOR,شرکت نیرو آرا اندیش,11/27/2025 12:00:00 AM,دریافت جهت رفع پانچ
120-06,0-4KV SWITCHBOARD SS-SWB3A/B-05,FORM A,OWNER,واحد ساختمان نصب,10/21/2025 12:00:00 AM,دریافت جهت بررسی و ثبت پانچ
120-06,0-4KV SWITCHBOARD SS-SWB3A/B-05,FORM A,CONTRACTOR,واحد H.O.S کیسون,10/5/2025 12:00:00 AM,آماده سازی و ارسال
120-06,0-4KV SWITCHBOARD SS-SWB3A/B-05,FORM A,PRECOM,واحد پیش راه اندازی سبلان,10/6/2025 12:00:00 AM,بررسی جهت تائید 
120-06,0-4KV SWITCHBOARD SS-SWB3A/B-05,FORM A,TPA,TPA (IEI),10/7/2025 12:00:00 AM,پانچ گذاری
120-06,0-4KV SWITCHBOARD SS-SWB3A/B-05,Execution Activities,CONTRACTOR,واحد اجرایی کیسون ,10/4/2025 12:00:00 AM,در حال تکمیل فعالیتهای اجرایی
120-07,0-4KV SWITCHBOARD SS-ESWB3A/B-01,Execution Activities,CONTRACTOR,واحد اجرایی کیسون ,12/29/2025 12:00:00 AM,در حال تکمیل فعالیتهای اجرایی
120-08,Emergency Diesel Generator SS-DG-5701,Execution Activities,CONTRACTOR,واحد اجرایی کیسون ,12/29/2025 12:00:00 AM,در حال تکمیل فعالیتهای اجرایی
120-09,CR-UPS-01 for Instrument Supply 190/110 AC UPS,Execution Activities,CONTRACTOR,واحد اجرایی کیسون ,10/17/2025 12:00:00 AM,در حال تکمیل فعالیتهای اجرایی
120-09,CR-UPS-01 for Instrument Supply 190/110 AC UPS,FORM A,CONTRACTOR,واحد H.O.S کیسون,10/18/2025 12:00:00 AM,آماده سازی و ارسال
120-09,CR-UPS-01 for Instrument Supply 190/110 AC UPS,FORM A,PRECOM,واحد پیش راه اندازی سبلان,10/19/2025 12:00:00 AM,بررسی جهت تائید 
120-09,CR-UPS-01 for Instrument Supply 190/110 AC UPS,FORM A,TPA,TPA (IEI),10/20/2025 12:00:00 AM,پانچ گذاری
120-09,CR-UPS-01 for Instrument Supply 190/110 AC UPS,FORM A,OWNER,واحد ساختمان نصب,10/26/2025 12:00:00 AM,جهت بررسی و ثبت پانچ
120-09,CR-UPS-01 for Instrument Supply 190/110 AC UPS,FORM A,PRECOM,واحد پیش راه اندازی سبلان,11/25/2025 12:00:00 AM,جهت بررسی و ثبت پانچ
120-09,CR-UPS-01 for Instrument Supply 190/110 AC UPS,FORM B,CONTRACTOR,واحد H.O.S کیسون,11/26/2025 12:00:00 AM,دریافت جهت بررسی
120-09,CR-UPS-01 for Instrument Supply 190/110 AC UPS,FORM B,CONTRACTOR,شرکت نیرو آرا اندیش,11/27/2025 12:00:00 AM,دریافت جهت رفع پانچ
120-10,SS-CH-01 for Electrical Supply 110V DC,FORM A,OWNER,واحد ساختمان نصب,10/26/2025 12:00:00 AM,جهت بررسی و ثبت پانچ
120-10,SS-CH-01 for Electrical Supply 110V DC,FORM A,PRECOM,واحد پیش راه اندازی سبلان,11/25/2025 12:00:00 AM,جهت بررسی و ثبت پانچ
120-10,SS-CH-01 for Electrical Supply 110V DC,FORM B,CONTRACTOR,واحد H.O.S کیسون,11/26/2025 12:00:00 AM,دریافت جهت بررسی
120-10,SS-CH-01 for Electrical Supply 110V DC,FORM B,CONTRACTOR,شرکت نیرو آرا اندیش,11/27/2025 12:00:00 AM,دریافت جهت رفع پانچ
120-10,SS-CH-01 for Electrical Supply 110V DC,FORM A,CONTRACTOR,واحد H.O.S کیسون,10/18/2025 12:00:00 AM,آماده سازی و ارسال
120-10,SS-CH-01 for Electrical Supply 110V DC,FORM A,PRECOM,واحد پیش راه اندازی سبلان,10/19/2025 12:00:00 AM,بررسی جهت تائید 
120-10,SS-CH-01 for Electrical Supply 110V DC,FORM A,TPA,TPA (IEI),10/20/2025 12:00:00 AM,پانچ گذاری
120-10,SS-CH-01 for Electrical Supply 110V DC,Execution Activities,CONTRACTOR,واحد اجرایی کیسون ,10/17/2025 12:00:00 AM,در حال تکمیل فعالیتهای اجرایی
120-11,SS-UPS-01 for Safety Lighting Supply 230 AC UPS,Execution Activities,CONTRACTOR,واحد اجرایی کیسون ,10/17/2025 12:00:00 AM,در حال تکمیل فعالیتهای اجرایی
120-11,SS-UPS-01 for Safety Lighting Supply 230 AC UPS,FORM A,CONTRACTOR,واحد H.O.S کیسون,10/18/2025 12:00:00 AM,آماده سازی و ارسال
120-11,SS-UPS-01 for Safety Lighting Supply 230 AC UPS,FORM A,PRECOM,واحد پیش راه اندازی سبلان,10/19/2025 12:00:00 AM,بررسی جهت تائید 
120-11,SS-UPS-01 for Safety Lighting Supply 230 AC UPS,FORM A,TPA,TPA (IEI),10/20/2025 12:00:00 AM,پانچ گذاری
120-11,SS-UPS-01 for Safety Lighting Supply 230 AC UPS,FORM A,OWNER,واحد ساختمان نصب,10/26/2025 12:00:00 AM,جهت بررسی و ثبت پانچ
120-11,SS-UPS-01 for Safety Lighting Supply 230 AC UPS,FORM A,PRECOM,واحد پیش راه اندازی سبلان,11/25/2025 12:00:00 AM,جهت بررسی و ثبت پانچ
120-11,SS-UPS-01 for Safety Lighting Supply 230 AC UPS,FORM B,CONTRACTOR,واحد H.O.S کیسون,11/26/2025 12:00:00 AM,دریافت جهت بررسی
120-11,SS-UPS-01 for Safety Lighting Supply 230 AC UPS,FORM B,CONTRACTOR,شرکت نیرو آرا اندیش,11/27/2025 12:00:00 AM,دریافت جهت رفع پانچ
120-12,SS PDCS System,FORM A,CONTRACTOR,واحد H.O.S کیسون,11/23/2025 12:00:00 AM,آماده سازی و ارسال
120-12,SS PDCS System,FORM A,TPA,TPA (IEI),11/24/2025 12:00:00 AM,دریافت جهت بررسی و ثبت پانچ
120-12,SS PDCS System,Execution Activities,CONTRACTOR,واحد اجرایی کیسون ,11/22/2025 12:00:00 AM,در حال تکمیل فعالیتهای اجرایی
120-12,SS PDCS System,FORM B,CONTRACTOR,واحد H.O.S کیسون,12/8/2025 12:00:00 AM,دریافت جهت بررسی
120-12,SS PDCS System,FORM B,CONTRACTOR,شرکت نیرو آرا اندیش,12/9/2025 12:00:00 AM,دریافت جهت بررسی و ثبت پانچ
120-12,SS PDCS System,FORM A,PRECOM,واحد پیش راه اندازی سبلان,12/6/2025 12:00:00 AM,دریافت جهت بررسی و ثبت پانچ
120-12,SS PDCS System,FORM A,CONTRACTOR,واحد H.O.S کیسون,11/28/2025 12:00:00 AM,بررسی
120-12,SS PDCS System,FORM A,OWNER,واحد ساختمان نصب,11/29/2025 12:00:00 AM,دریافت جهت بررسی و ثبت پانچ
120-13,Cathodic Protection System,Execution Activities,CONTRACTOR,واحد اجرایی کیسون ,8/30/2025 12:00:00 AM,در حال تکمیل فعالیتهای اجرایی
120-13,Cathodic Protection System,FORM A,CONTRACTOR,واحد H.O.S کیسون,8/31/2025 12:00:00 AM,آماده سازی و ارسال
120-13,Cathodic Protection System,FORM A,PRECOM,واحد پیش راه اندازی سبلان,9/1/2025 12:00:00 AM,بررسی جهت تائید 
120-13,Cathodic Protection System,FORM A,TPA,TPA (IEI),9/2/2025 12:00:00 AM,پانچ گذاری
120-13,Cathodic Protection System,FORM B,CONTRACTOR,واحد H.O.S کیسون,9/9/2025 12:00:00 AM,دریافت جهت بررسی و ثبت پانچ
120-13,Cathodic Protection System,FORM B,CONTRACTOR,پیمانکاری هاشمی,9/10/2025 12:00:00 AM,دریافت جهت رفع پانچ
120-14,Electric Heat Tracing System,Execution Activities,CONTRACTOR,واحد اجرایی کیسون ,12/29/2025 12:00:00 AM,در حال تکمیل فعالیتهای اجرایی
120-14,Electric Heat Tracing System,FORM A,CONTRACTOR,واحد H.O.S کیسون,12/30/2025 12:00:00 AM,آماده سازی و ارسال
120-14,Electric Heat Tracing System,FORM A,TPA,TPA (IEI),12/31/2025 12:00:00 AM,دریافت جهت بررسی و ثبت پانچ
120-15,Capacitor Bank,Execution Activities,CONTRACTOR,واحد اجرایی کیسون ,8/31/2025 12:00:00 AM,در حال تکمیل فعالیتهای اجرایی
120-15,Capacitor Bank,FORM A,CONTRACTOR,واحد H.O.S کیسون,9/1/2025 12:00:00 AM,آماده سازی و ارسال
120-15,Capacitor Bank,FORM A,PRECOM,واحد پیش راه اندازی سبلان,9/2/2025 12:00:00 AM,بررسی جهت تائید 
120-15,Capacitor Bank,FORM A,TPA,TPA (IEI),9/3/2025 12:00:00 AM,پانچ گذاری
120-15,Capacitor Bank,FORM B,CONTRACTOR,واحد H.O.S کیسون,9/9/2025 12:00:00 AM,دریافت جهت بررسی و ثبت پانچ
120-15,Capacitor Bank,FORM B,CONTRACTOR,شرکت نیرو آرا اندیش,9/10/2025 12:00:00 AM,دریافت جهت رفع پانچ
120-16,MV Transformer,Execution Activities,CONTRACTOR,واحد اجرایی کیسون ,6/8/2025 12:00:00 AM,در حال تکمیل فعالیتهای اجرایی
120-16,MV Transformer,FORM A,CONTRACTOR,واحد H.O.S کیسون,6/9/2025 12:00:00 AM,آماده سازی و ارسال
120-16,MV Transformer,FORM A,PRECOM,واحد پیش راه اندازی سبلان,6/10/2025 12:00:00 AM,بررسی جهت تائید 
120-16,MV Transformer,FORM A,TPA,TPA (IEI),6/11/2025 12:00:00 AM,پانچ گذاری
120-16,MV Transformer,FORM B,CONTRACTOR,واحد H.O.S کیسون,6/26/2025 12:00:00 AM,دریافت جهت بررسی و ثبت پانچ
120-16,MV Transformer,FORM B,CONTRACTOR,شرکت نیرو آرا اندیش,6/27/2025 12:00:00 AM,دریافت جهت رفع پانچ
120-16,MV Transformer,FORM C,CONTRACTOR,واحد H.O.S کیسون,9/21/2025 12:00:00 AM,آماده سازی و ارسال فرم C
120-16,MV Transformer,FORM C,PRECOM,واحد پیش راه اندازی سبلان,9/22/2025 12:00:00 AM,بررسی جهت تائید نهایی
120-16,MV Transformer,FORM C,CONTRACTOR,شرکت نیرو آرا اندیش,10/21/2025 12:00:00 AM,دریافت جهت رفع پانچ
120-17,LV Transformer,FORM C,CONTRACTOR,شرکت نیرو آرا اندیش,11/1/2025 12:00:00 AM,در حال تکمیل فعالیتهای اجرایی
120-17,LV Transformer,Execution Activities,CONTRACTOR,واحد اجرایی کیسون ,6/8/2025 12:00:00 AM,در حال تکمیل فعالیتهای اجرایی
120-17,LV Transformer,FORM A,CONTRACTOR,واحد H.O.S کیسون,6/9/2025 12:00:00 AM,آماده سازی و ارسال
120-17,LV Transformer,FORM A,PRECOM,واحد پیش راه اندازی سبلان,6/10/2025 12:00:00 AM,بررسی جهت تائید 
120-17,LV Transformer,FORM A,TPA,TPA (IEI),6/11/2025 12:00:00 AM,پانچ گذاری
120-17,LV Transformer,FORM B,CONTRACTOR,واحد H.O.S کیسون,6/26/2025 12:00:00 AM,دریافت جهت بررسی و ثبت پانچ
120-17,LV Transformer,FORM B,CONTRACTOR,شرکت نیرو آرا اندیش,6/27/2025 12:00:00 AM,دریافت جهت رفع پانچ
120-17,LV Transformer,FORM C,CONTRACTOR,واحد H.O.S کیسون,9/18/2025 12:00:00 AM,آماده سازی و ارسال فرم C
120-17,LV Transformer,FORM C,PRECOM,واحد پیش راه اندازی سبلان,9/19/2025 12:00:00 AM,بررسی جهت تائید نهایی
120-18,E/I Cabinet,Execution Activities,CONTRACTOR,واحد اجرایی کیسون ,8/25/2025 12:00:00 AM,در حال تکمیل فعالیتهای اجرایی
120-18,E/I Cabinet,FORM A,CONTRACTOR,واحد H.O.S کیسون,8/26/2025 12:00:00 AM,آماده سازی و ارسال
120-18,E/I Cabinet,FORM A,PRECOM,واحد پیش راه اندازی سبلان,8/27/2025 12:00:00 AM,بررسی جهت تائید 
120-18,E/I Cabinet,FORM A,TPA,TPA (IEI),8/28/2025 12:00:00 AM,پانچ گذاری
120-18,E/I Cabinet,FORM B,CONTRACTOR,واحد H.O.S کیسون,9/9/2025 12:00:00 AM,دریافت جهت بررسی و ثبت پانچ
120-18,E/I Cabinet,FORM B,CONTRACTOR,شرکت نیرو آرا اندیش,9/10/2025 12:00:00 AM,دریافت جهت رفع پانچ
2000-01,Pre Reforming,Execution Activities,CONTRACTOR,واحد اجرایی کیسون ,11/20/2025 12:00:00 AM,در حال تکمیل فعالیتهای اجرایی
2000-01,Pre Reforming,FORM A,PRECOM,واحد پیش راه اندازی سبلان,12/14/2025 12:00:00 AM,دریافت جهت بررسی و ثبت پانچ
2000-01,Pre Reforming,FORM A,CONTRACTOR,واحد H.O.S کیسون,11/30/2025 12:00:00 AM,آماده سازی و ارسال
2000-01,Pre Reforming,FORM A,TPA,TPA (IEI),12/1/2025 12:00:00 AM,دریافت جهت بررسی و ثبت پانچ
2000-01,Pre Reforming,FORM A,CONTRACTOR,واحد H.O.S کیسون,12/7/2025 12:00:00 AM,بررسی
2000-01,Pre Reforming,FORM A,OWNER,واحد ساختمان نصب,12/8/2025 12:00:00 AM,جهت بررسی و ثبت پانچ
2000-02,Primary Reforming,FORM A,CONTRACTOR,واحد H.O.S کیسون,12/7/2025 12:00:00 AM,آماده سازی و ارسال
2000-02,Primary Reforming,FORM A,TPA,TPA (IEI),12/8/2025 12:00:00 AM,دریافت جهت بررسی و ثبت پانچ
2000-02,Primary Reforming,FORM A,CONTRACTOR,واحد H.O.S کیسون,12/19/2025 12:00:00 AM,بررسی
2000-02,Primary Reforming,FORM A,OWNER,واحد ساختمان نصب,12/20/2025 12:00:00 AM,دریافت جهت بررسی و ثبت پانچ
2000-02,Primary Reforming,FORM A,PRECOM,واحد پیش راه اندازی سبلان,12/31/2025 12:00:00 AM,دریافت جهت بررسی و ثبت پانچ
2000-02,Primary Reforming,Execution Activities,CONTRACTOR,واحد اجرایی کیسون ,12/4/2025 12:00:00 AM,در حال تکمیل فعالیتهای اجرایی
2000-03,Process Oxygen and Secondary Reformer,Execution Activities,CONTRACTOR,واحد اجرایی کیسون ,12/29/2025 12:00:00 AM,در حال تکمیل فعالیتهای اجرایی
2000-04,Steam Generation & Superheated Steam,Execution Activities,CONTRACTOR,واحد اجرایی کیسون ,12/4/2025 12:00:00 AM,در حال تکمیل فعالیتهای اجرایی
2000-04,Steam Generation & Superheated Steam,FORM A,PRECOM,واحد پیش راه اندازی سبلان,12/31/2025 12:00:00 AM,دریافت جهت بررسی و ثبت پانچ
2000-04,Steam Generation & Superheated Steam,FORM A,CONTRACTOR,واحد H.O.S کیسون,12/20/2025 12:00:00 AM,بررسی
2000-04,Steam Generation & Superheated Steam,FORM A,OWNER,واحد ساختمان نصب,12/21/2025 12:00:00 AM,دریافت جهت بررسی و ثبت پانچ
2000-04,Steam Generation & Superheated Steam,FORM A,CONTRACTOR,واحد H.O.S کیسون,12/16/2025 12:00:00 AM,آماده سازی و ارسال
2000-04,Steam Generation & Superheated Steam,FORM A,TPA,TPA (IEI),12/17/2025 12:00:00 AM,پانچ گذاری
2000-05,Gas Cooling and Separation,FORM A,PRECOM,واحد پیش راه اندازی سبلان,12/14/2025 12:00:00 AM,دریافت جهت بررسی و ثبت پانچ
2000-05,Gas Cooling and Separation,FORM A,OWNER,واحد ساختمان نصب,12/10/2025 12:00:00 AM,دریافت جهت بررسی و ثبت پانچ
2000-05,Gas Cooling and Separation,FORM A,CONTRACTOR,واحد H.O.S کیسون,12/8/2025 12:00:00 AM,بررسی
2000-05,Gas Cooling and Separation,FORM A,CONTRACTOR,واحد H.O.S کیسون,11/30/2025 12:00:00 AM,آماده سازی و ارسال
2000-05,Gas Cooling and Separation,FORM A,TPA,TPA (IEI),12/1/2025 12:00:00 AM,دریافت جهت بررسی و ثبت پانچ
2000-05,Gas Cooling and Separation,Execution Activities,CONTRACTOR,واحد اجرایی کیسون ,11/20/2025 12:00:00 AM,در حال تکمیل فعالیتهای اجرایی
2000-06,Nitrogen Circuit,Execution Activities,CONTRACTOR,واحد اجرایی کیسون ,11/8/2025 12:00:00 AM,در حال تکمیل فعالیتهای اجرایی
2000-06,Nitrogen Circuit,FORM A,CONTRACTOR,واحد H.O.S کیسون,11/9/2025 12:00:00 AM,آماده سازی و ارسال
2000-06,Nitrogen Circuit,FORM A,TPA,TPA (IEI),11/10/2025 12:00:00 AM,دریافت جهت بررسی و ثبت پانچ
2000-06,Nitrogen Circuit,FORM A,CONTRACTOR,واحد H.O.S کیسون,11/28/2025 12:00:00 AM,بررسی
2000-06,Nitrogen Circuit,FORM A,OWNER,واحد ساختمان نصب,11/29/2025 12:00:00 AM,دریافت جهت بررسی و ثبت پانچ
2000-06,Nitrogen Circuit,FORM A,PRECOM,واحد پیش راه اندازی سبلان,12/6/2025 12:00:00 AM,دریافت جهت بررسی و ثبت پانچ
3000-01,Synthesis Gas Compression,FORM A,CONTRACTOR,واحد H.O.S کیسون,12/12/2025 12:00:00 AM,دریافت جهت بررسی
3000-01,Synthesis Gas Compression,FORM A,CONTRACTOR,واحد H.O.S کیسون,11/28/2025 12:00:00 AM,بررسی
3000-01,Synthesis Gas Compression,FORM A,OWNER,واحد ساختمان نصب,11/29/2025 12:00:00 AM,دریافت جهت بررسی و ثبت پانچ
3000-01,Synthesis Gas Compression,FORM A,PRECOM,واحد پیش راه اندازی سبلان,12/12/2025 12:00:00 AM,دریافت جهت بررسی و ثبت پانچ
3000-01,Synthesis Gas Compression,FORM A,CONTRACTOR,واحد H.O.S کیسون,11/25/2025 12:00:00 AM,آماده سازی و ارسال
3000-01,Synthesis Gas Compression,FORM A,TPA,TPA (IEI),11/26/2025 12:00:00 AM,دریافت جهت بررسی و ثبت پانچ
3000-01,Synthesis Gas Compression,Execution Activities,CONTRACTOR,واحد اجرایی کیسون ,11/24/2025 12:00:00 AM,در حال تکمیل فعالیتهای اجرایی
3000-02,Methanol Synthesis,Execution Activities,CONTRACTOR,واحد اجرایی کیسون ,12/4/2025 12:00:00 AM,در حال تکمیل فعالیتهای اجرایی
3000-02,Methanol Synthesis,FORM A,CONTRACTOR,واحد H.O.S کیسون,12/20/2025 12:00:00 AM,آماده سازی و ارسال
3000-02,Methanol Synthesis,FORM A,TPA,TPA (IEI),12/21/2025 12:00:00 AM,دریافت جهت بررسی و ثبت پانچ
3000-02,Methanol Synthesis,FORM A,CONTRACTOR,واحد H.O.S کیسون,12/24/2025 12:00:00 AM,بررسی
3000-02,Methanol Synthesis,FORM A,OWNER,واحد ساختمان نصب,12/25/2025 12:00:00 AM,دریافت جهت بررسی و ثبت پانچ
3000-03,Synthesis Gas Cooling,FORM A,PRECOM,واحد پیش راه اندازی سبلان,12/14/2025 12:00:00 AM,دریافت جهت بررسی و ثبت پانچ
3000-03,Synthesis Gas Cooling,FORM A,CONTRACTOR,واحد H.O.S کیسون,12/1/2025 12:00:00 AM,آماده سازی و ارسال
3000-03,Synthesis Gas Cooling,FORM A,TPA,TPA (IEI),12/2/2025 12:00:00 AM,دریافت جهت بررسی و ثبت پانچ
3000-03,Synthesis Gas Cooling,FORM A,OWNER,واحد ساختمان نصب,12/10/2025 12:00:00 AM,دریافت جهت بررسی و ثبت پانچ
3000-03,Synthesis Gas Cooling,FORM A,CONTRACTOR,واحد H.O.S کیسون,12/8/2025 12:00:00 AM,بررسی
3000-03,Synthesis Gas Cooling,Execution Activities,CONTRACTOR,واحد اجرایی کیسون ,11/20/2025 12:00:00 AM,در حال تکمیل فعالیتهای اجرایی
3000-04,Hydrogen System,Execution Activities,CONTRACTOR,واحد اجرایی کیسون ,11/8/2025 12:00:00 AM,در حال تکمیل فعالیتهای اجرایی
3000-04,Hydrogen System,FORM A,CONTRACTOR,واحد H.O.S کیسون,11/27/2025 12:00:00 AM,بررسی
3000-04,Hydrogen System,FORM A,CONTRACTOR,واحد H.O.S کیسون,11/9/2025 12:00:00 AM,آماده سازی و ارسال
3000-04,Hydrogen System,FORM A,TPA,TPA (IEI),11/10/2025 12:00:00 AM,دریافت جهت بررسی و ثبت پانچ
3000-04,Hydrogen System,FORM A,PRECOM,واحد پیش راه اندازی سبلان,12/9/2025 12:00:00 AM,دریافت جهت بررسی و ثبت پانچ
3000-04,Hydrogen System,FORM A,CONTRACTOR,واحد H.O.S کیسون,12/8/2025 12:00:00 AM,بررسی
3000-04,Hydrogen System,FORM A,OWNER,واحد ساختمان نصب,11/29/2025 12:00:00 AM,دریافت جهت بررسی و ثبت پانچ
4000-01,Nitrogen,FORM B,CONTRACTOR,واحد H.O.S کیسون,9/29/2025 12:00:00 AM,دریافت جهت بررسی و ثبت پانچ
4000-01,Nitrogen,FORM B,CONTRACTOR,واحد اجرایی کیسون ,9/30/2025 12:00:00 AM,دریافت جهت رفع پانچ
4000-01,Nitrogen,Execution Activities,CONTRACTOR,واحد اجرایی کیسون ,9/3/2025 12:00:00 AM,در حال تکمیل فعالیتهای اجرایی
4000-01,Nitrogen,FORM A,CONTRACTOR,واحد H.O.S کیسون,9/4/2025 12:00:00 AM,آماده سازی و ارسال
4000-01,Nitrogen,FORM A,PRECOM,واحد پیش راه اندازی سبلان,9/5/2025 12:00:00 AM,بررسی جهت تائید 
4000-01,Nitrogen,FORM A,TPA,TPA (IEI),9/6/2025 12:00:00 AM,پانچ گذاری
4000-02,HHP & HP & LP Steam,Execution Activities,CONTRACTOR,واحد اجرایی کیسون ,12/4/2025 12:00:00 AM,در حال تکمیل فعالیتهای اجرایی
4000-02,HHP & HP & LP Steam,FORM A,CONTRACTOR,واحد H.O.S کیسون,12/19/2025 12:00:00 AM,بررسی
4000-02,HHP & HP & LP Steam,FORM A,CONTRACTOR,واحد H.O.S کیسون,12/13/2025 12:00:00 AM,آماده سازی و ارسال
4000-02,HHP & HP & LP Steam,FORM A,TPA,TPA (IEI),12/14/2025 12:00:00 AM,پانچ گذاری
4000-02,HHP & HP & LP Steam,FORM A,OWNER,واحد ساختمان نصب,12/20/2025 12:00:00 AM,دریافت جهت بررسی و ثبت پانچ
4000-03,MP Steam,FORM A,CONTRACTOR,واحد H.O.S کیسون,11/28/2025 12:00:00 AM,بررسی
4000-03,MP Steam,FORM A,TPA,TPA (IEI),11/29/2025 12:00:00 AM,دریافت جهت رفع نقص و تکمیل امضاء
4000-03,MP Steam,FORM A,OWNER,واحد ساختمان نصب,12/2/2025 12:00:00 AM,دریافت جهت بررسی و ثبت پانچ
4000-03,MP Steam,FORM A,CONTRACTOR,واحد H.O.S کیسون,12/1/2025 12:00:00 AM,بررسی
4000-03,MP Steam,FORM A,PRECOM,واحد پیش راه اندازی سبلان,12/6/2025 12:00:00 AM,دریافت جهت بررسی و ثبت پانچ
4000-03,MP Steam,Execution Activities,CONTRACTOR,واحد اجرایی کیسون ,11/8/2025 12:00:00 AM,در حال تکمیل فعالیتهای اجرایی
4000-03,MP Steam,FORM A,CONTRACTOR,واحد H.O.S کیسون,11/9/2025 12:00:00 AM,آماده سازی و ارسال
4000-03,MP Steam,FORM A,TPA,TPA (IEI),11/10/2025 12:00:00 AM,دریافت جهت بررسی و ثبت پانچ
4000-04,Boiler Feed Water (BFW) Generation & Distribution,Execution Activities,CONTRACTOR,واحد اجرایی کیسون ,12/4/2025 12:00:00 AM,در حال تکمیل فعالیتهای اجرایی
4000-04,Boiler Feed Water (BFW) Generation & Distribution,FORM A,CONTRACTOR,واحد H.O.S کیسون,12/12/2025 12:00:00 AM,آماده سازی و ارسال
4000-04,Boiler Feed Water (BFW) Generation & Distribution,FORM A,TPA,TPA (IEI),12/13/2025 12:00:00 AM,پانچ گذاری
4000-04,Boiler Feed Water (BFW) Generation & Distribution,FORM A,OWNER,واحد ساختمان نصب,12/20/2025 12:00:00 AM,دریافت جهت بررسی و ثبت پانچ
4000-04,Boiler Feed Water (BFW) Generation & Distribution,FORM A,CONTRACTOR,واحد H.O.S کیسون,12/19/2025 12:00:00 AM,بررسی
4000-05,Blow Down,FORM A,CONTRACTOR,واحد H.O.S کیسون,10/25/2025 12:00:00 AM,بررسی
4000-05,Blow Down,FORM A,CONTRACTOR,واحد تست پکیج کیسون,10/27/2025 12:00:00 AM,دریافت جهت رفع نقص و تکمیل امضاء
4000-05,Blow Down,Execution Activities,CONTRACTOR,واحد اجرایی کیسون ,10/19/2025 12:00:00 AM,در حال تکمیل فعالیتهای اجرایی
4000-05,Blow Down,FORM A,CONTRACTOR,واحد H.O.S کیسون,10/20/2025 12:00:00 AM,آماده سازی و ارسال
4000-05,Blow Down,FORM A,TPA,TPA (IEI),10/21/2025 12:00:00 AM,پانچ گذاری
4000-06,DM & Polishing Water & Neutralization System,Execution Activities,CONTRACTOR,واحد اجرایی کیسون ,12/4/2025 12:00:00 AM,در حال تکمیل فعالیتهای اجرایی
4000-06,DM & Polishing Water & Neutralization System,FORM A,CONTRACTOR,واحد H.O.S کیسون,12/19/2025 12:00:00 AM,آماده سازی و ارسال
4000-06,DM & Polishing Water & Neutralization System,FORM A,TPA,TPA (IEI),12/21/2025 12:00:00 AM,دریافت جهت بررسی و ثبت پانچ
4000-06,DM & Polishing Water & Neutralization System,FORM A,OWNER,واحد ساختمان نصب,12/25/2025 12:00:00 AM,دریافت جهت بررسی و ثبت پانچ
4000-07,Plant Air,Execution Activities,CONTRACTOR,واحد اجرایی کیسون ,7/26/2025 12:00:00 AM,در حال تکمیل فعالیتهای اجرایی
4000-07,Plant Air,FORM A,CONTRACTOR,واحد H.O.S کیسون,7/27/2025 12:00:00 AM,آماده سازی و ارسال (2 زونکن)
4000-07,Plant Air,FORM A,PRECOM,واحد پیش راه اندازی سبلان,7/28/2025 12:00:00 AM,بررسی جهت تائید 
4000-07,Plant Air,FORM A,TPA,TPA (IEI),7/29/2025 12:00:00 AM,پانچ گذاری
4000-07,Plant Air,FORM B,CONTRACTOR,واحد اجرایی کیسون ,9/24/2025 12:00:00 AM,دریافت جهت رفع پانچ
4000-07,Plant Air,FORM B,CONTRACTOR,واحد H.O.S کیسون,9/23/2025 12:00:00 AM,دریافت جهت بررسی
4000-08,Cooling Water,Execution Activities,CONTRACTOR,واحد اجرایی کیسون ,12/4/2025 12:00:00 AM,در حال تکمیل فعالیتهای اجرایی
4000-08,Cooling Water,FORM A,CONTRACTOR,واحد H.O.S کیسون,12/27/2025 12:00:00 AM,آماده سازی و ارسال
4000-08,Cooling Water,FORM A,TPA,TPA (IEI),12/29/2025 12:00:00 AM,دریافت جهت بررسی و ثبت پانچ
4000-09,Oily Water Treatment,FORM A,OWNER,واحد ساختمان نصب,12/25/2025 12:00:00 AM,دریافت جهت بررسی و ثبت پانچ
4000-09,Oily Water Treatment,FORM A,CONTRACTOR,واحد H.O.S کیسون,12/24/2025 12:00:00 AM,بررسی
4000-09,Oily Water Treatment,FORM A,TPA,TPA (IEI),12/17/2025 12:00:00 AM,پانچ گذاری
4000-09,Oily Water Treatment,Execution Activities,CONTRACTOR,واحد اجرایی کیسون ,10/5/2025 12:00:00 AM,در حال تکمیل فعالیتهای اجرایی
4000-09,Oily Water Treatment,FORM A,CONTRACTOR,واحد تست پکیج کیسون,10/15/2025 12:00:00 AM,جهت تکمیل امضاء تست پکیج های مربوطه
4000-09,Oily Water Treatment,FORM A,CONTRACTOR,واحد H.O.S کیسون,10/6/2025 12:00:00 AM,آماده سازی و ارسال
4000-09,Oily Water Treatment,FORM A,PRECOM,واحد پیش راه اندازی سبلان,10/7/2025 12:00:00 AM,بررسی جهت تائید 
4000-09,Oily Water Treatment,FORM A,TPA,TPA (IEI),10/8/2025 12:00:00 AM,پانچ گذاری
4000-10,Sanitary Water Collection,Execution Activities,CONTRACTOR,واحد اجرایی کیسون ,12/29/2025 12:00:00 AM,در حال تکمیل فعالیتهای اجرایی
4000-11,Instrument Air,Execution Activities,CONTRACTOR,واحد اجرایی کیسون ,8/23/2025 12:00:00 AM,در حال تکمیل فعالیتهای اجرایی
4000-11,Instrument Air,FORM A,CONTRACTOR,واحد H.O.S کیسون,8/24/2025 12:00:00 AM,آماده سازی و ارسال
4000-11,Instrument Air,FORM A,PRECOM,واحد پیش راه اندازی سبلان,8/25/2025 12:00:00 AM,بررسی جهت تائید 
4000-11,Instrument Air,FORM A,TPA,TPA (IEI),8/26/2025 12:00:00 AM,پانچ گذاری
4000-11,Instrument Air,FORM B,CONTRACTOR,واحد H.O.S کیسون,9/29/2025 12:00:00 AM,دریافت جهت بررسی و ثبت پانچ
4000-11,Instrument Air,FORM B,CONTRACTOR,واحد اجرایی کیسون ,9/30/2025 12:00:00 AM,دریافت جهت رفع پانچ
4000-12,COC Water and Lab Chemical Sump,Execution Activities,CONTRACTOR,واحد اجرایی کیسون ,12/29/2025 12:00:00 AM,در حال تکمیل فعالیتهای اجرایی
4000-13,Slope Close Drain,Execution Activities,CONTRACTOR,واحد اجرایی کیسون ,10/2/2025 12:00:00 AM,در حال تکمیل فعالیتهای اجرایی
4000-13,Slope Close Drain,FORM A,CONTRACTOR,واحد H.O.S کیسون,10/3/2025 12:00:00 AM,آماده سازی و ارسال
4000-13,Slope Close Drain,FORM A,PRECOM,واحد پیش راه اندازی سبلان,10/4/2025 12:00:00 AM,بررسی جهت تائید 
4000-13,Slope Close Drain,FORM A,TPA,TPA (IEI),10/5/2025 12:00:00 AM,پانچ گذاری
4000-13,Slope Close Drain,FORM A,CONTRACTOR,واحد تست پکیج کیسون,10/15/2025 12:00:00 AM,جهت تکمیل امضاء تست پکیج های مربوطه
4000-14,Fire Water,Execution Activities,CONTRACTOR,واحد اجرایی کیسون ,11/20/2025 12:00:00 AM,در حال تکمیل فعالیتهای اجرایی
4000-14,Fire Water,FORM A,PRECOM,واحد پیش راه اندازی سبلان,12/22/2025 12:00:00 AM,دریافت جهت بررسی و ثبت پانچ
4000-14,Fire Water,FORM A,CONTRACTOR,واحد H.O.S کیسون,12/2/2025 12:00:00 AM,آماده سازی و ارسال
4000-14,Fire Water,FORM A,TPA,TPA (IEI),12/3/2025 12:00:00 AM,دریافت جهت بررسی و ثبت پانچ
4000-14,Fire Water,FORM A,CONTRACTOR,واحد H.O.S کیسون,12/9/2025 12:00:00 AM,دریافت جهت بررسی
4000-14,Fire Water,FORM A,OWNER,واحد ساختمان نصب,12/10/2025 12:00:00 AM,دریافت جهت بررسی و ثبت پانچ
4000-15,Potable & Service Water,FORM A,CONTRACTOR,واحد H.O.S کیسون,12/23/2025 12:00:00 AM,بررسی
4000-15,Potable & Service Water,FORM A,TPA,TPA (IEI),12/24/2025 12:00:00 AM,دریافت جهت بررسی و ثبت پانچ
4000-15,Potable & Service Water,FORM A,OWNER,واحد ساختمان نصب,12/29/2025 12:00:00 AM,دریافت جهت بررسی و ثبت پانچ
4000-15,Potable & Service Water,FORM A,CONTRACTOR,واحد H.O.S کیسون,12/27/2025 12:00:00 AM,بررسی
4000-15,Potable & Service Water,FORM A,PRECOM,واحد پیش راه اندازی سبلان,12/31/2025 12:00:00 AM,دریافت جهت بررسی و ثبت پانچ
4000-15,Potable & Service Water,Execution Activities,CONTRACTOR,واحد اجرایی کیسون ,10/7/2025 12:00:00 AM,در حال تکمیل فعالیتهای اجرایی
4000-15,Potable & Service Water,FORM A,CONTRACTOR,واحد تست پکیج کیسون,10/15/2025 12:00:00 AM,دریافت جهت رفع نقص و تکمیل امضاء
4000-15,Potable & Service Water,FORM A,CONTRACTOR,واحد H.O.S کیسون,10/8/2025 12:00:00 AM,آماده سازی و ارسال
4000-15,Potable & Service Water,FORM A,PRECOM,واحد پیش راه اندازی سبلان,10/9/2025 12:00:00 AM,بررسی جهت تائید 
4000-15,Potable & Service Water,FORM A,TPA,TPA (IEI),10/10/2025 12:00:00 AM,پانچ گذاری
5000-01,Crude Methanol and Stabilizer & Slope Methanol,FORM A,CONTRACTOR,واحد H.O.S کیسون,11/27/2025 12:00:00 AM,بررسی
5000-01,Crude Methanol and Stabilizer & Slope Methanol,FORM A,OWNER,واحد ساختمان نصب,11/28/2025 12:00:00 AM,دریافت جهت بررسی و ثبت پانچ
5000-01,Crude Methanol and Stabilizer & Slope Methanol,FORM A,CONTRACTOR,واحد H.O.S کیسون,11/23/2025 12:00:00 AM,آماده سازی و ارسال
5000-01,Crude Methanol and Stabilizer & Slope Methanol,FORM A,TPA,TPA (IEI),11/24/2025 12:00:00 AM,دریافت جهت بررسی و ثبت پانچ
5000-01,Crude Methanol and Stabilizer & Slope Methanol,Execution Activities,CONTRACTOR,واحد اجرایی کیسون ,11/22/2025 12:00:00 AM,در حال تکمیل فعالیتهای اجرایی
5000-01,Crude Methanol and Stabilizer & Slope Methanol,FORM B,CONTRACTOR,واحد H.O.S کیسون,12/20/2025 12:00:00 AM,بررسی
5000-01,Crude Methanol and Stabilizer & Slope Methanol,FORM B,CONTRACTOR,واحد تست پکیج کیسون,12/21/2025 12:00:00 AM,دریافت جهت رفع نقص و رفع پانچ
5000-01,Crude Methanol and Stabilizer & Slope Methanol,FORM A,PRECOM,واحد پیش راه اندازی سبلان,12/6/2025 12:00:00 AM,دریافت جهت بررسی و ثبت پانچ
5000-02,Low Pressure (LP) Methanol,FORM A,PRECOM,واحد پیش راه اندازی سبلان,12/10/2025 12:00:00 AM,دریافت جهت بررسی و ثبت پانچ
5000-02,Low Pressure (LP) Methanol,FORM A,CONTRACTOR,واحد H.O.S کیسون,12/8/2025 12:00:00 AM,بررسی
5000-02,Low Pressure (LP) Methanol,FORM B,CONTRACTOR,واحد H.O.S کیسون,12/20/2025 12:00:00 AM,بررسی
5000-02,Low Pressure (LP) Methanol,FORM B,CONTRACTOR,واحد اجرایی کیسون,12/21/2025 12:00:00 AM,دریافت جهت رفع نقص و رفع پانچ و تکمیل امضاء
5000-02,Low Pressure (LP) Methanol,Execution Activities,CONTRACTOR,واحد اجرایی کیسون ,11/17/2025 12:00:00 AM,در حال تکمیل فعالیتهای اجرایی
5000-02,Low Pressure (LP) Methanol,FORM A,CONTRACTOR,واحد H.O.S کیسون,11/18/2025 12:00:00 AM,آماده سازی و ارسال
5000-02,Low Pressure (LP) Methanol,FORM A,TPA,TPA (IEI),11/19/2025 12:00:00 AM,جهت بررسی و ثبت پانچ
5000-02,Low Pressure (LP) Methanol,FORM A,OWNER,واحد ساختمان نصب,11/28/2025 12:00:00 AM,دریافت جهت بررسی و ثبت پانچ
5000-02,Low Pressure (LP) Methanol,FORM A,CONTRACTOR,واحد H.O.S کیسون,11/27/2025 12:00:00 AM,بررسی
5000-03,Medium Pressure (MP) Methanol,FORM A,OWNER,واحد ساختمان نصب,11/28/2025 12:00:00 AM,دریافت جهت بررسی و ثبت پانچ
5000-03,Medium Pressure (MP) Methanol,FORM A,CONTRACTOR,واحد H.O.S کیسون,10/30/2025 12:00:00 AM,آماده سازی و ارسال
5000-03,Medium Pressure (MP) Methanol,FORM A,CONTRACTOR,واحد H.O.S کیسون,11/27/2025 12:00:00 AM,بررسی
5000-03,Medium Pressure (MP) Methanol,FORM A,TPA,TPA (IEI),10/31/2025 12:00:00 AM,جهت بررسی و ثبت پانچ
5000-03,Medium Pressure (MP) Methanol,Execution Activities,CONTRACTOR,واحد اجرایی کیسون ,10/29/2025 12:00:00 AM,در حال تکمیل فعالیتهای اجرایی
5000-03,Medium Pressure (MP) Methanol,FORM B,CONTRACTOR,واحد H.O.S کیسون,12/20/2025 12:00:00 AM,بررسی
5000-03,Medium Pressure (MP) Methanol,FORM B,CONTRACTOR,واحد تست پکیج کیسون,12/21/2025 12:00:00 AM,دریافت جهت رفع نقص و رفع پانچ
5000-03,Medium Pressure (MP) Methanol,FORM A,CONTRACTOR,واحد H.O.S کیسون,12/12/2025 12:00:00 AM,دریافت جهت بررسی
5000-03,Medium Pressure (MP) Methanol,FORM A,PRECOM,واحد پیش راه اندازی سبلان,12/12/2025 12:00:00 AM,دریافت جهت بررسی و ثبت پانچ
5000-04,Methanol Product,FORM A,PRECOM,واحد پیش راه اندازی سبلان,12/12/2025 12:00:00 AM,دریافت جهت بررسی و ثبت پانچ
5000-04,Methanol Product,Execution Activities,CONTRACTOR,واحد اجرایی کیسون ,11/21/2025 12:00:00 AM,در حال تکمیل فعالیتهای اجرایی
5000-04,Methanol Product,FORM A,CONTRACTOR,واحد H.O.S کیسون,11/27/2025 12:00:00 AM,بررسی
5000-04,Methanol Product,FORM A,OWNER,واحد ساختمان نصب,11/28/2025 12:00:00 AM,دریافت جهت بررسی و ثبت پانچ
5000-04,Methanol Product,FORM A,CONTRACTOR,واحد H.O.S کیسون,11/22/2025 12:00:00 AM,آماده سازی و ارسال
5000-04,Methanol Product,FORM A,TPA,TPA (IEI),11/23/2025 12:00:00 AM,دریافت جهت بررسی و ثبت پانچ
5000-05,Liquid Off Stream,FORM A,OWNER,واحد ساختمان نصب,11/28/2025 12:00:00 AM,دریافت جهت بررسی و ثبت پانچ
5000-05,Liquid Off Stream,FORM A,CONTRACTOR,واحد H.O.S کیسون,11/27/2025 12:00:00 AM,بررسی
5000-05,Liquid Off Stream,FORM A,TPA,TPA (IEI),10/31/2025 12:00:00 AM,پانچ گذاری
5000-05,Liquid Off Stream,FORM A,CONTRACTOR,واحد H.O.S کیسون,10/30/2025 12:00:00 AM,آماده سازی و ارسال
5000-05,Liquid Off Stream,Execution Activities,CONTRACTOR,واحد اجرایی کیسون ,10/29/2025 12:00:00 AM,در حال تکمیل فعالیتهای اجرایی
5000-05,Liquid Off Stream,FORM A,PRECOM,واحد پیش راه اندازی سبلان,12/6/2025 12:00:00 AM,دریافت جهت بررسی و ثبت پانچ
5000-05,Liquid Off Stream,FORM B,CONTRACTOR,واحد H.O.S کیسون,12/29/2025 12:00:00 AM,بررسی
7000-01,Flare System (In Site),FORM A,CONTRACTOR,واحد H.O.S کیسون,12/20/2025 12:00:00 AM,بررسی
7000-01,Flare System (In Site),FORM A,CONTRACTOR,واحد تست پکیج کیسون,12/21/2025 12:00:00 AM,دریافت جهت رفع نقص و تکمیل امضاء
7000-01,Flare System (In Site),FORM A,PRECOM,واحد پیش راه اندازی سبلان,12/12/2025 12:00:00 AM,دریافت جهت بررسی و ثبت پانچ
7000-01,Flare System (In Site),Execution Activities,CONTRACTOR,واحد اجرایی کیسون ,10/18/2025 12:00:00 AM,در حال تکمیل فعالیتهای اجرایی
7000-01,Flare System (In Site),FORM A,CONTRACTOR,واحد H.O.S کیسون,10/19/2025 12:00:00 AM,آماده سازی و ارسال
7000-01,Flare System (In Site),FORM A,PRECOM,واحد پیش راه اندازی سبلان,10/20/2025 12:00:00 AM,بررسی جهت تائید 
7000-01,Flare System (In Site),FORM A,TPA,TPA (IEI),10/21/2025 12:00:00 AM,پانچ گذاری
7000-01,Flare System (In Site),FORM A,CONTRACTOR,واحد H.O.S کیسون,11/27/2025 12:00:00 AM,بررسی
7000-01,Flare System (In Site),FORM A,OWNER,واحد ساختمان نصب,11/28/2025 12:00:00 AM,دریافت جهت بررسی و ثبت پانچ
BLD-01,Substation,FORM A,TPA,TPA (IEI),11/19/2025 12:00:00 AM,جهت بررسی و ثبت پانچ
BLD-01,Substation,Execution Activities,CONTRACTOR,واحد اجرایی کیسون ,7/26/2025 12:00:00 AM,در حال تکمیل فعالیتهای اجرایی
BLD-01,Substation,FORM A,CONTRACTOR,واحد H.O.S کیسون,7/27/2025 12:00:00 AM,آماده سازی و ارسال
BLD-01,Substation,FORM A,PRECOM,واحد پیش راه اندازی سبلان,7/28/2025 12:00:00 AM,بررسی جهت تائید 
BLD-01,Substation,FORM A,OWNER,مهندس رضوی,7/29/2025 12:00:00 AM,پانچ گذاری
BLD-01,Substation,FORM A,CONTRACTOR,واحد H.O.S کیسون,12/2/2025 12:00:00 AM,بررسی
BLD-01,Substation,FORM A,OWNER,واحد ساختمان نصب,12/3/2025 12:00:00 AM,دریافت جهت بررسی و ثبت پانچ
BLD-01,Substation,FORM A,PRECOM,واحد پیش راه اندازی سبلان,12/8/2025 12:00:00 AM,دریافت جهت بررسی و ثبت پانچ
BLD-02,Control Building,FORM A,PRECOM,واحد پیش راه اندازی سبلان,12/8/2025 12:00:00 AM,دریافت جهت بررسی و ثبت پانچ
BLD-02,Control Building,FORM A,CONTRACTOR,واحد H.O.S کیسون,12/2/2025 12:00:00 AM,بررسی
BLD-02,Control Building,FORM A,OWNER,واحد ساختمان نصب,12/3/2025 12:00:00 AM,دریافت جهت بررسی و ثبت پانچ
BLD-02,Control Building,Execution Activities,CONTRACTOR,واحد اجرایی کیسون ,7/15/2025 12:00:00 AM,در حال تکمیل فعالیتهای اجرایی
BLD-02,Control Building,FORM A,CONTRACTOR,واحد H.O.S کیسون,7/16/2025 12:00:00 AM,آماده سازی و ارسال
BLD-02,Control Building,FORM A,PRECOM,واحد پیش راه اندازی سبلان,7/17/2025 12:00:00 AM,بررسی جهت تائید 
BLD-02,Control Building,FORM A,OWNER,مهندس رضوی,7/18/2025 12:00:00 AM,پانچ گذاری
BLD-02,Control Building,FORM A,TPA,TPA (IEI),11/19/2025 12:00:00 AM,جهت بررسی و ثبت پانچ
BLD-03,Laboratory,Execution Activities,CONTRACTOR,واحد اجرایی کیسون ,12/29/2025 12:00:00 AM,در حال تکمیل فعالیتهای اجرایی
BLD-04,Security Building,Execution Activities,CONTRACTOR,واحد اجرایی کیسون ,7/28/2025 12:00:00 AM,در حال تکمیل فعالیتهای اجرایی
BLD-04,Security Building,FORM A,CONTRACTOR,واحد H.O.S کیسون,7/29/2025 12:00:00 AM,آماده سازی و ارسال
BLD-04,Security Building,FORM A,PRECOM,واحد پیش راه اندازی سبلان,7/30/2025 12:00:00 AM,بررسی جهت تائید 
BLD-04,Security Building,FORM A,OWNER,مهندس رضوی,7/31/2025 12:00:00 AM,پانچ گذاری
BLD-04,Security Building,FORM B,CONTRACTOR,واحد اجرایی کیسون,11/20/2025 12:00:00 AM,دریافت جهت رفع پانچ
BLD-04,Security Building,FORM A,PRECOM,واحد پیش راه اندازی سبلان,11/19/2025 12:00:00 AM,جهت بررسی و ثبت پانچ
BLD-05,Diesel Room,Execution Activities,CONTRACTOR,واحد اجرایی کیسون ,12/29/2025 12:00:00 AM,در حال تکمیل فعالیتهای اجرایی
BLD-06,Warehouse Building,Execution Activities,CONTRACTOR,واحد اجرایی کیسون ,7/31/2025 12:00:00 AM,در حال تکمیل فعالیتهای اجرایی
BLD-06,Warehouse Building,FORM A,CONTRACTOR,واحد H.O.S کیسون,8/1/2025 12:00:00 AM,آماده سازی و ارسال
BLD-06,Warehouse Building,FORM A,PRECOM,واحد پیش راه اندازی سبلان,8/2/2025 12:00:00 AM,بررسی جهت تائید 
BLD-06,Warehouse Building,FORM A,OWNER,مهندس رضوی,8/3/2025 12:00:00 AM,پانچ گذاری
BLD-06,Warehouse Building,FORM A,PRECOM,واحد پیش راه اندازی سبلان,11/19/2025 12:00:00 AM,جهت بررسی و ثبت پانچ
BLD-06,Warehouse Building,FORM B,CONTRACTOR,واحد اجرایی کیسون,11/20/2025 12:00:00 AM,دریافت جهت رفع پانچ
BLD-07,Analyzer House,FORM A,PRECOM,واحد پیش راه اندازی سبلان,9/3/2025 12:00:00 AM,جهت بررسی و ثبت پانچ
BLD-07,Analyzer House,Execution Activities,CONTRACTOR,واحد اجرایی کیسون ,7/28/2025 12:00:00 AM,در حال تکمیل فعالیتهای اجرایی
BLD-07,Analyzer House,FORM A,CONTRACTOR,واحد H.O.S کیسون,7/29/2025 12:00:00 AM,آماده سازی و ارسال
BLD-07,Analyzer House,FORM A,PRECOM,واحد پیش راه اندازی سبلان,7/30/2025 12:00:00 AM,بررسی جهت تائید 
BLD-07,Analyzer House,FORM A,OWNER,مهندس رضوی,7/31/2025 12:00:00 AM,پانچ گذاری
BLD-07,Analyzer House,FORM B,CONTRACTOR,واحد اجرایی کیسون ,9/5/2025 12:00:00 AM,دریافت جهت رفع پانچ
CVL-01,Civil Work of All Area,FORM A,CONTRACTOR,واحد اجرایی کیسون,6/24/2025 12:00:00 AM,در حال تکمیل فعالیتهای اجرایی
CVL-01,Civil Work of All Area,FORM A,CONTRACTOR,واحد H.O.S کیسون,12/5/2025 12:00:00 AM,آماده سازی و ارسال
CVL-01,Civil Work of All Area,FORM A,OWNER,واحد ساختمان نصب,12/6/2025 12:00:00 AM,دریافت جهت بررسی و ثبت پانچ
CVL-01,Civil Work of All Area,FORM A,CONTRACTOR,واحد H.O.S کیسون,12/8/2025 12:00:00 AM,بررسی
CVL-01,Civil Work of All Area,FORM A,CONTRACTOR,واحد اجرایی کیسون,12/9/2025 12:00:00 AM,دریافت جهت تکمیل مدارک
DCS-01,Panels & Marshaling Cabinets,Execution Activities,CONTRACTOR,واحد اجرایی کیسون ,12/29/2025 12:00:00 AM,در حال تکمیل فعالیتهای اجرایی
ES-01,Earthing & Roof Lightning System for Substation,Execution Activities,CONTRACTOR,واحد اجرایی کیسون ,7/31/2025 12:00:00 AM,در حال تکمیل فعالیتهای اجرایی
ES-01,Earthing & Roof Lightning System for Substation,FORM A,CONTRACTOR,واحد H.O.S کیسون,8/1/2025 12:00:00 AM,آماده سازی و ارسال
ES-01,Earthing & Roof Lightning System for Substation,FORM A,PRECOM,واحد پیش راه اندازی سبلان,8/2/2025 12:00:00 AM,بررسی جهت تائید 
ES-01,Earthing & Roof Lightning System for Substation,FORM A,TPA,TPA (IEI),8/3/2025 12:00:00 AM,پانچ گذاری
ES-01,Earthing & Roof Lightning System for Substation,FORM B,CONTRACTOR,واحد H.O.S کیسون,8/19/2025 12:00:00 AM,دریافت جهت بررسی و ثبت پانچ
ES-01,Earthing & Roof Lightning System for Substation,FORM B,CONTRACTOR,شرکت نیرو آرا اندیش,8/20/2025 12:00:00 AM,دریافت جهت رفع پانچ
ES-01,Earthing & Roof Lightning System for Substation,FORM C,PRECOM,واحد پیش راه اندازی سبلان,9/24/2025 12:00:00 AM,بررسی جهت تائید نهایی
ES-01,Earthing & Roof Lightning System for Substation,FORM C,CONTRACTOR,واحد H.O.S کیسون,9/23/2025 12:00:00 AM,آماده سازی و ارسال فرم C
ES-01,Earthing & Roof Lightning System for Substation,FORM C,CONTRACTOR,واحد H.O.S کیسون,9/28/2025 12:00:00 AM,بررسی
ES-01,Earthing & Roof Lightning System for Substation,FORM C,CONTRACTOR,شرکت نیرو آرا اندیش,9/29/2025 12:00:00 AM,در حال تکمیل فعالیتهای اجرایی
ES-02,Earthing & Roof Lightning System for Control Building,FORM C,CONTRACTOR,واحد H.O.S کیسون,12/27/2025 12:00:00 AM,دریافت جهت رفع پانچ
ES-02,Earthing & Roof Lightning System for Control Building,FORM B,CONTRACTOR,واحد H.O.S کیسون,12/25/2025 12:00:00 AM,بررسی
ES-02,Earthing & Roof Lightning System for Control Building,FORM C,PRECOM,واحد پیش راه اندازی سبلان,12/26/2025 12:00:00 AM,بررسی جهت تائید
ES-02,Earthing & Roof Lightning System for Control Building,Execution Activities,CONTRACTOR,واحد اجرایی کیسون ,9/28/2025 12:00:00 AM,در حال تکمیل فعالیتهای اجرایی
ES-02,Earthing & Roof Lightning System for Control Building,FORM A,OWNER,واحد ساختمان نصب,10/4/2025 12:00:00 AM,جهت بررسی و ثبت پانچ
ES-02,Earthing & Roof Lightning System for Control Building,FORM A,CONTRACTOR,واحد H.O.S کیسون,9/29/2025 12:00:00 AM,آماده سازی و ارسال
ES-02,Earthing & Roof Lightning System for Control Building,FORM A,PRECOM,واحد پیش راه اندازی سبلان,9/30/2025 12:00:00 AM,بررسی جهت تائید 
ES-02,Earthing & Roof Lightning System for Control Building,FORM A,TPA,TPA (IEI),10/1/2025 12:00:00 AM,پانچ گذاری
ES-02,Earthing & Roof Lightning System for Control Building,FORM A,PRECOM,واحد پیش راه اندازی سبلان,11/25/2025 12:00:00 AM,جهت بررسی و ثبت پانچ
ES-02,Earthing & Roof Lightning System for Control Building,FORM B,CONTRACTOR,واحد H.O.S کیسون,11/26/2025 12:00:00 AM,دریافت جهت بررسی
ES-02,Earthing & Roof Lightning System for Control Building,FORM B,CONTRACTOR,شرکت نیرو آرا اندیش,11/27/2025 12:00:00 AM,دریافت جهت رفع پانچ
ES-03,Earthing & Roof Lightning System for Laboratory & Yard Office,Execution Activities,CONTRACTOR,واحد اجرایی کیسون ,8/24/2025 12:00:00 AM,در حال تکمیل فعالیتهای اجرایی
ES-03,Earthing & Roof Lightning System for Laboratory & Yard Office,FORM A,CONTRACTOR,واحد H.O.S کیسون,8/25/2025 12:00:00 AM,آماده سازی و ارسال
ES-03,Earthing & Roof Lightning System for Laboratory & Yard Office,FORM A,PRECOM,واحد پیش راه اندازی سبلان,8/26/2025 12:00:00 AM,بررسی جهت تائید 
ES-03,Earthing & Roof Lightning System for Laboratory & Yard Office,FORM A,TPA,TPA (IEI),8/27/2025 12:00:00 AM,پانچ گذاری
ES-03,Earthing & Roof Lightning System for Laboratory & Yard Office,FORM B,CONTRACTOR,واحد H.O.S کیسون,9/9/2025 12:00:00 AM,دریافت جهت بررسی و ثبت پانچ
ES-03,Earthing & Roof Lightning System for Laboratory & Yard Office,FORM B,CONTRACTOR,شرکت نیرو آرا اندیش,9/10/2025 12:00:00 AM,دریافت جهت رفع پانچ
ES-04,Earthing & Roof Lightning System for Analyzer House,Execution Activities,CONTRACTOR,واحد اجرایی کیسون ,8/3/2025 12:00:00 AM,در حال تکمیل فعالیتهای اجرایی
ES-04,Earthing & Roof Lightning System for Analyzer House,FORM A,CONTRACTOR,واحد H.O.S کیسون,8/4/2025 12:00:00 AM,آماده سازی و ارسال
ES-04,Earthing & Roof Lightning System for Analyzer House,FORM A,PRECOM,واحد پیش راه اندازی سبلان,8/5/2025 12:00:00 AM,بررسی جهت تائید 
ES-04,Earthing & Roof Lightning System for Analyzer House,FORM A,TPA,TPA (IEI),8/6/2025 12:00:00 AM,پانچ گذاری
ES-04,Earthing & Roof Lightning System for Analyzer House,FORM B,CONTRACTOR,واحد H.O.S کیسون,8/19/2025 12:00:00 AM,دریافت جهت بررسی و ثبت پانچ
ES-04,Earthing & Roof Lightning System for Analyzer House,FORM B,CONTRACTOR,شرکت نیرو آرا اندیش,8/20/2025 12:00:00 AM,دریافت جهت رفع پانچ
ES-04,Earthing & Roof Lightning System for Analyzer House,FORM C,CONTRACTOR,واحد H.O.S کیسون,9/6/2025 12:00:00 AM,آماده سازی و ارسال فرم C
ES-04,Earthing & Roof Lightning System for Analyzer House,FORM C,PRECOM,واحد پیش راه اندازی سبلان,9/7/2025 12:00:00 AM,بررسی جهت تائید نهایی
ES-05,Earthing & Roof Lightning System for Warehouse,Execution Activities,CONTRACTOR,واحد اجرایی کیسون ,8/3/2025 12:00:00 AM,در حال تکمیل فعالیتهای اجرایی
ES-05,Earthing & Roof Lightning System for Warehouse,FORM A,CONTRACTOR,واحد H.O.S کیسون,8/4/2025 12:00:00 AM,آماده سازی و ارسال
ES-05,Earthing & Roof Lightning System for Warehouse,FORM A,PRECOM,واحد پیش راه اندازی سبلان,8/5/2025 12:00:00 AM,بررسی جهت تائید 
ES-05,Earthing & Roof Lightning System for Warehouse,FORM A,TPA,TPA (IEI),8/6/2025 12:00:00 AM,پانچ گذاری
ES-05,Earthing & Roof Lightning System for Warehouse,FORM B,CONTRACTOR,واحد H.O.S کیسون,8/19/2025 12:00:00 AM,دریافت جهت بررسی و ثبت پانچ
ES-05,Earthing & Roof Lightning System for Warehouse,FORM B,CONTRACTOR,شرکت نیرو آرا اندیش,8/20/2025 12:00:00 AM,دریافت جهت رفع پانچ
ES-05,Earthing & Roof Lightning System for Warehouse,FORM C,CONTRACTOR,واحد H.O.S کیسون,9/21/2025 12:00:00 AM,آماده سازی و ارسال فرم C
ES-05,Earthing & Roof Lightning System for Warehouse,FORM C,PRECOM,واحد پیش راه اندازی سبلان,9/22/2025 12:00:00 AM,بررسی جهت تائید نهایی
ES-06,Earthing System for Area-02,Execution Activities,CONTRACTOR,واحد اجرایی کیسون ,12/29/2025 12:00:00 AM,در حال تکمیل فعالیتهای اجرایی
ES-07,Earthing System for Area-03,Execution Activities,CONTRACTOR,واحد اجرایی کیسون ,10/27/2025 12:00:00 AM,در حال تکمیل فعالیتهای اجرایی
ES-07,Earthing System for Area-03,FORM B,CONTRACTOR,واحد H.O.S کیسون,11/26/2025 12:00:00 AM,دریافت جهت بررسی
ES-07,Earthing System for Area-03,FORM B,CONTRACTOR,شرکت نیرو آرا اندیش,11/27/2025 12:00:00 AM,دریافت جهت رفع پانچ
ES-07,Earthing System for Area-03,FORM A,CONTRACTOR,واحد H.O.S کیسون,10/28/2025 12:00:00 AM,آماده سازی و ارسال
ES-07,Earthing System for Area-03,FORM A,OWNER,واحد ساختمان نصب,11/7/2025 12:00:00 AM,دریافت جهت بررسی و ثبت پانچ
ES-07,Earthing System for Area-03,FORM A,PRECOM,واحد پیش راه اندازی سبلان,11/25/2025 12:00:00 AM,جهت بررسی و ثبت پانچ
ES-07,Earthing System for Area-03,FORM A,TPA,TPA (IEI),10/29/2025 12:00:00 AM,پانچ گذاری
ES-08,Earthing System for Area-04,Execution Activities,CONTRACTOR,واحد اجرایی کیسون ,12/29/2025 12:00:00 AM,در حال تکمیل فعالیتهای اجرایی
ES-08,Earthing System for Area-04,FORM A,CONTRACTOR,واحد H.O.S کیسون,12/30/2025 12:00:00 AM,آماده سازی و ارسال
ES-08,Earthing System for Area-04,FORM A,TPA,TPA (IEI),12/31/2025 12:00:00 AM,دریافت جهت بررسی و ثبت پانچ
ES-09,Earthing System for Area-05,Execution Activities,CONTRACTOR,واحد اجرایی کیسون ,12/29/2025 12:00:00 AM,در حال تکمیل فعالیتهای اجرایی
ES-10,Earthing System for Area-06,Execution Activities,CONTRACTOR,واحد اجرایی کیسون ,10/27/2025 12:00:00 AM,در حال تکمیل فعالیتهای اجرایی
ES-10,Earthing System for Area-06,FORM A,TPA,TPA (IEI),10/29/2025 12:00:00 AM,پانچ گذاری
ES-10,Earthing System for Area-06,FORM A,CONTRACTOR,واحد H.O.S کیسون,10/28/2025 12:00:00 AM,آماده سازی و ارسال
ES-10,Earthing System for Area-06,FORM A,PRECOM,واحد پیش راه اندازی سبلان,11/25/2025 12:00:00 AM,جهت بررسی و ثبت پانچ
ES-10,Earthing System for Area-06,FORM A,OWNER,واحد ساختمان نصب,11/7/2025 12:00:00 AM,دریافت جهت بررسی و ثبت پانچ
ES-10,Earthing System for Area-06,FORM B,CONTRACTOR,واحد H.O.S کیسون,11/26/2025 12:00:00 AM,دریافت جهت بررسی
ES-10,Earthing System for Area-06,FORM B,CONTRACTOR,شرکت نیرو آرا اندیش,11/27/2025 12:00:00 AM,دریافت جهت رفع پانچ
ES-11,Earthing System for Area-07,Execution Activities,CONTRACTOR,واحد اجرایی کیسون ,9/12/2025 12:00:00 AM,در حال تکمیل فعالیتهای اجرایی
ES-11,Earthing System for Area-07,FORM A,CONTRACTOR,واحد H.O.S کیسون,9/13/2025 12:00:00 AM,آماده سازی و ارسال
ES-11,Earthing System for Area-07,FORM A,PRECOM,واحد پیش راه اندازی سبلان,9/14/2025 12:00:00 AM,بررسی جهت تائید 
ES-11,Earthing System for Area-07,FORM A,TPA,TPA (IEI),9/15/2025 12:00:00 AM,پانچ گذاری
ES-11,Earthing System for Area-07,FORM A,CONTRACTOR,واحد H.O.S کیسون,9/21/2025 12:00:00 AM,بررسی
ES-11,Earthing System for Area-07,FORM A,CONTRACTOR,شرکت نیرو آرا اندیش,9/22/2025 12:00:00 AM,دریافت جهت رفع نقص و تکمیل امضاء
FGS-01,Fire & Gas Detection for Fire Zone 1001,Execution Activities,CONTRACTOR,واحد اجرایی کیسون ,12/29/2025 12:00:00 AM,در حال تکمیل فعالیتهای اجرایی
FGS-02,Fire & Gas Detection for Fire Zone 1002,Execution Activities,CONTRACTOR,واحد اجرایی کیسون ,12/29/2025 12:00:00 AM,در حال تکمیل فعالیتهای اجرایی
FGS-02,Fire & Gas Detection for Fire Zone 1002,FORM A,CONTRACTOR,واحد H.O.S کیسون,12/30/2025 12:00:00 AM,آماده سازی و ارسال
FGS-02,Fire & Gas Detection for Fire Zone 1002,FORM A,TPA,TPA (IEI),12/31/2025 12:00:00 AM,دریافت جهت بررسی و ثبت پانچ
FGS-03,Fire & Gas Detection for Fire Zone 1003,Execution Activities,CONTRACTOR,واحد اجرایی کیسون ,12/29/2025 12:00:00 AM,در حال تکمیل فعالیتهای اجرایی
FGS-04,Fire & Gas Detection for Fire Zone 1004,Execution Activities,CONTRACTOR,واحد اجرایی کیسون ,12/29/2025 12:00:00 AM,در حال تکمیل فعالیتهای اجرایی
FGS-05,Fire & Gas Detection for Fire Zone 1005,Execution Activities,CONTRACTOR,واحد اجرایی کیسون ,12/29/2025 12:00:00 AM,در حال تکمیل فعالیتهای اجرایی
FGS-06,Fire & Gas Detection for Fire Zone 1006,Execution Activities,CONTRACTOR,واحد اجرایی کیسون ,12/29/2025 12:00:00 AM,در حال تکمیل فعالیتهای اجرایی
FGS-07,Fire & Gas Detection for Fire Zone 1007,Execution Activities,CONTRACTOR,واحد اجرایی کیسون ,12/29/2025 12:00:00 AM,در حال تکمیل فعالیتهای اجرایی
FGS-08,Fire & Gas Detection for Substation,Execution Activities,CONTRACTOR,واحد اجرایی کیسون ,12/4/2025 12:00:00 AM,در حال تکمیل فعالیتهای اجرایی
FGS-08,Fire & Gas Detection for Substation,FORM A,OWNER,واحد ساختمان نصب,12/25/2025 12:00:00 AM,دریافت جهت بررسی و ثبت پانچ
FGS-08,Fire & Gas Detection for Substation,FORM A,CONTRACTOR,واحد H.O.S کیسون,12/23/2025 12:00:00 AM,آماده سازی و ارسال
FGS-08,Fire & Gas Detection for Substation,FORM A,TPA,TPA (IEI),12/24/2025 12:00:00 AM,دریافت جهت بررسی و ثبت پانچ
FGS-09,Fire & Gas Detection for Control Building,FORM A,CONTRACTOR,واحد H.O.S کیسون,12/23/2025 12:00:00 AM,آماده سازی و ارسال
FGS-09,Fire & Gas Detection for Control Building,FORM A,TPA,TPA (IEI),12/24/2025 12:00:00 AM,دریافت جهت بررسی و ثبت پانچ
FGS-09,Fire & Gas Detection for Control Building,FORM A,OWNER,واحد ساختمان نصب,12/25/2025 12:00:00 AM,دریافت جهت بررسی و ثبت پانچ
FGS-09,Fire & Gas Detection for Control Building,Execution Activities,CONTRACTOR,واحد اجرایی کیسون ,12/4/2025 12:00:00 AM,در حال تکمیل فعالیتهای اجرایی
FGS-10,Fire & Gas Detection for Laboratory,Execution Activities,CONTRACTOR,واحد اجرایی کیسون ,12/29/2025 12:00:00 AM,در حال تکمیل فعالیتهای اجرایی
LS-01,SS-MLP-01 for Normal Lighting System,Execution Activities,CONTRACTOR,واحد اجرایی کیسون ,12/4/2025 12:00:00 AM,در حال تکمیل فعالیتهای اجرایی
LS-01,SS-MLP-01 for Normal Lighting System,FORM B,CONTRACTOR,واحد H.O.S کیسون,12/29/2025 12:00:00 AM,بررسی
LS-01,SS-MLP-01 for Normal Lighting System,FORM B,CONTRACTOR,واحد اجرایی کیسون,12/30/2025 12:00:00 AM,دریافت جهت رفع نقص و رفع پانچ
LS-01,SS-MLP-01 for Normal Lighting System,FORM A,PRECOM,واحد پیش راه اندازی سبلان,12/14/2025 12:00:00 AM,دریافت جهت بررسی و ثبت پانچ
LS-01,SS-MLP-01 for Normal Lighting System,FORM A,CONTRACTOR,واحد H.O.S کیسون,12/3/2025 12:00:00 AM,آماده سازی و ارسال
LS-01,SS-MLP-01 for Normal Lighting System,FORM A,TPA,TPA (IEI),12/4/2025 12:00:00 AM,دریافت جهت بررسی و ثبت پانچ
LS-01,SS-MLP-01 for Normal Lighting System,FORM A,CONTRACTOR,واحد H.O.S کیسون,12/7/2025 12:00:00 AM,بررسی
LS-01,SS-MLP-01 for Normal Lighting System,FORM A,OWNER,واحد ساختمان نصب,12/8/2025 12:00:00 AM,جهت بررسی و ثبت پانچ
LS-02,SS-EMLP-01 for Emergency Lighting System,FORM A,CONTRACTOR,واحد H.O.S کیسون,12/26/2025 12:00:00 AM,آماده سازی و ارسال
LS-02,SS-EMLP-01 for Emergency Lighting System,FORM A,TPA,TPA (IEI),12/27/2025 12:00:00 AM,دریافت جهت بررسی و ثبت پانچ
LS-02,SS-EMLP-01 for Emergency Lighting System,FORM A,OWNER,واحد ساختمان نصب,12/31/2025 12:00:00 AM,دریافت جهت بررسی و ثبت پانچ
LS-02,SS-EMLP-01 for Emergency Lighting System,FORM A,CONTRACTOR,واحد H.O.S کیسون,12/30/2025 12:00:00 AM,بررسی
LS-02,SS-EMLP-01 for Emergency Lighting System,Execution Activities,CONTRACTOR,واحد اجرایی کیسون ,12/4/2025 12:00:00 AM,در حال تکمیل فعالیتهای اجرایی
LS-03,Lighting System for Substation,Execution Activities,CONTRACTOR,واحد اجرایی کیسون ,7/31/2025 12:00:00 AM,در حال تکمیل فعالیتهای اجرایی
LS-03,Lighting System for Substation,FORM A,CONTRACTOR,واحد H.O.S کیسون,8/1/2025 12:00:00 AM,آماده سازی و ارسال
LS-03,Lighting System for Substation,FORM A,PRECOM,واحد پیش راه اندازی سبلان,8/2/2025 12:00:00 AM,بررسی جهت تائید 
LS-03,Lighting System for Substation,FORM A,TPA,TPA (IEI),8/3/2025 12:00:00 AM,پانچ گذاری
LS-03,Lighting System for Substation,FORM B,CONTRACTOR,واحد H.O.S کیسون,9/9/2025 12:00:00 AM,دریافت جهت بررسی و ثبت پانچ
LS-03,Lighting System for Substation,FORM B,CONTRACTOR,شرکت نیرو آرا اندیش,9/10/2025 12:00:00 AM,دریافت جهت رفع پانچ
LS-04,Lighting System for Control Building,Execution Activities,CONTRACTOR,واحد اجرایی کیسون ,12/4/2025 12:00:00 AM,در حال تکمیل فعالیتهای اجرایی
LS-04,Lighting System for Control Building,FORM A,CONTRACTOR,واحد H.O.S کیسون,12/13/2025 12:00:00 AM,آماده سازی و ارسال
LS-04,Lighting System for Control Building,FORM A,TPA,TPA (IEI),12/14/2025 12:00:00 AM,پانچ گذاری
LS-05,Lighting System for Laboratory & Yard Office,Execution Activities,CONTRACTOR,واحد اجرایی کیسون ,12/29/2025 12:00:00 AM,در حال تکمیل فعالیتهای اجرایی
LS-06,Lighting System for Street,Execution Activities,CONTRACTOR,واحد اجرایی کیسون ,11/24/2025 12:00:00 AM,در حال تکمیل فعالیتهای اجرایی
LS-06,Lighting System for Street,FORM A,CONTRACTOR,واحد H.O.S کیسون,11/25/2025 12:00:00 AM,آماده سازی و ارسال
LS-06,Lighting System for Street,FORM A,TPA,TPA (IEI),11/26/2025 12:00:00 AM,دریافت جهت بررسی و ثبت پانچ
LS-06,Lighting System for Street,FORM B,CONTRACTOR,واحد H.O.S کیسون,12/8/2025 12:00:00 AM,بررسی
LS-06,Lighting System for Street,FORM B,CONTRACTOR,شرکت نیرو آرا اندیش,12/9/2025 12:00:00 AM,دریافت جهت بررسی و ثبت پانچ
LS-06,Lighting System for Street,FORM A,PRECOM,واحد پیش راه اندازی سبلان,12/6/2025 12:00:00 AM,دریافت جهت بررسی و ثبت پانچ
LS-06,Lighting System for Street,FORM A,CONTRACTOR,واحد H.O.S کیسون,11/29/2025 12:00:00 AM,بررسی
LS-06,Lighting System for Street,FORM A,OWNER,واحد ساختمان نصب,11/29/2025 12:00:00 AM,جهت بررسی و ثبت پانچ
LS-07,Lighting System for Area-02,Execution Activities,CONTRACTOR,واحد اجرایی کیسون ,12/29/2025 12:00:00 AM,در حال تکمیل فعالیتهای اجرایی
LS-08,Lighting System for Area-03,Execution Activities,CONTRACTOR,واحد اجرایی کیسون ,12/29/2025 12:00:00 AM,در حال تکمیل فعالیتهای اجرایی
LS-09,Lighting System for Area-04,Execution Activities,CONTRACTOR,واحد اجرایی کیسون ,12/29/2025 12:00:00 AM,در حال تکمیل فعالیتهای اجرایی
LS-10,Lighting System for Area-05,Execution Activities,CONTRACTOR,واحد اجرایی کیسون ,12/29/2025 12:00:00 AM,در حال تکمیل فعالیتهای اجرایی
LS-11,Lighting System for Area-06,Execution Activities,CONTRACTOR,واحد اجرایی کیسون ,12/29/2025 12:00:00 AM,در حال تکمیل فعالیتهای اجرایی
LS-12,Lighting System for Area-07,Execution Activities,CONTRACTOR,واحد اجرایی کیسون ,11/3/2025 12:00:00 AM,در حال تکمیل فعالیتهای اجرایی
LS-12,Lighting System for Area-07,FORM A,OWNER,واحد ساختمان نصب,11/9/2025 12:00:00 AM,دریافت جهت بررسی و ثبت پانچ
LS-12,Lighting System for Area-07,FORM A,PRECOM,واحد پیش راه اندازی سبلان,11/25/2025 12:00:00 AM,دریافت جهت بررسی و ثبت پانچ
LS-12,Lighting System for Area-07,FORM B,CONTRACTOR,واحد H.O.S کیسون,11/26/2025 12:00:00 AM,دریافت جهت بررسی
LS-12,Lighting System for Area-07,FORM B,CONTRACTOR,شرکت نیرو آرا اندیش,11/27/2025 12:00:00 AM,دریافت جهت رفع پانچ
LS-12,Lighting System for Area-07,FORM A,CONTRACTOR,واحد H.O.S کیسون,11/4/2025 12:00:00 AM,آماده سازی و ارسال
LS-12,Lighting System for Area-07,FORM A,TPA,TPA (IEI),11/5/2025 12:00:00 AM,جهت بررسی و ثبت پانچ
LS-14,Lighting System for Analyzer House,FORM C,PRECOM,واحد پیش راه اندازی سبلان,10/31/2025 12:00:00 AM,ارسال فرم C
LS-14,Lighting System for Analyzer House,Execution Activities,CONTRACTOR,واحد اجرایی کیسون ,8/3/2025 12:00:00 AM,در حال تکمیل فعالیتهای اجرایی
LS-14,Lighting System for Analyzer House,FORM A,CONTRACTOR,واحد H.O.S کیسون,8/4/2025 12:00:00 AM,آماده سازی و ارسال
LS-14,Lighting System for Analyzer House,FORM A,PRECOM,واحد پیش راه اندازی سبلان,8/5/2025 12:00:00 AM,بررسی جهت تائید 
LS-14,Lighting System for Analyzer House,FORM A,TPA,TPA (IEI),8/6/2025 12:00:00 AM,پانچ گذاری
LS-14,Lighting System for Analyzer House,FORM B,CONTRACTOR,واحد H.O.S کیسون,9/9/2025 12:00:00 AM,دریافت جهت بررسی و ثبت پانچ
LS-14,Lighting System for Analyzer House,FORM B,CONTRACTOR,شرکت نیرو آرا اندیش,9/10/2025 12:00:00 AM,دریافت جهت رفع پانچ
LS-14,Lighting System for Analyzer House,FORM C,CONTRACTOR,واحد H.O.S کیسون,11/3/2025 12:00:00 AM,بررسی
LS-14,Lighting System for Analyzer House,FORM C,CONTRACTOR,شرکت نیرو آرا اندیش,11/4/2025 12:00:00 AM,در حال تکمیل فعالیتهای اجرایی
TEL-01,Telecom System for Area-01,Execution Activities,CONTRACTOR,واحد اجرایی کیسون ,12/29/2025 12:00:00 AM,در حال تکمیل فعالیتهای اجرایی
TEL-02,Telecom System for Area-02,Execution Activities,CONTRACTOR,واحد اجرایی کیسون ,12/29/2025 12:00:00 AM,در حال تکمیل فعالیتهای اجرایی
TEL-03,Telecom System for Area-03,Execution Activities,CONTRACTOR,واحد اجرایی کیسون ,12/29/2025 12:00:00 AM,در حال تکمیل فعالیتهای اجرایی
TEL-04,Telecom System for Area-04,Execution Activities,CONTRACTOR,واحد اجرایی کیسون ,12/29/2025 12:00:00 AM,در حال تکمیل فعالیتهای اجرایی
TEL-05,Telecom System for Area-05,Execution Activities,CONTRACTOR,واحد اجرایی کیسون ,12/29/2025 12:00:00 AM,در حال تکمیل فعالیتهای اجرایی
TEL-06,Telecom System for Area-06,Execution Activities,CONTRACTOR,واحد اجرایی کیسون ,12/29/2025 12:00:00 AM,در حال تکمیل فعالیتهای اجرایی
TEL-07,Telecom System for Area-07,Execution Activities,CONTRACTOR,واحد اجرایی کیسون ,10/6/2025 12:00:00 AM,در حال تکمیل فعالیتهای اجرایی
TEL-07,Telecom System for Area-07,FORM A,OWNER,واحد ساختمان نصب,10/13/2025 12:00:00 AM,پانچ گذاری
TEL-07,Telecom System for Area-07,FORM A,PRECOM,واحد پیش راه اندازی سبلان,10/20/2025 12:00:00 AM,پانچ گذاری
TEL-07,Telecom System for Area-07,FORM B,CONTRACTOR,واحد H.O.S کیسون,10/21/2025 12:00:00 AM,دریافت جهت بررسی و ثبت پانچ
TEL-07,Telecom System for Area-07,FORM B,CONTRACTOR,شرکت نیرو آرا اندیش,10/22/2025 12:00:00 AM,دریافت جهت رفع پانچ
TEL-07,Telecom System for Area-07,FORM A,CONTRACTOR,واحد H.O.S کیسون,10/7/2025 12:00:00 AM,آماده سازی و ارسال
TEL-07,Telecom System for Area-07,FORM A,PRECOM,واحد پیش راه اندازی سبلان,10/8/2025 12:00:00 AM,بررسی جهت تائید 
TEL-07,Telecom System for Area-07,FORM A,TPA,TPA (IEI),10/9/2025 12:00:00 AM,پانچ گذاری
TEL-08,Telecom System for Substation,Execution Activities,CONTRACTOR,واحد اجرایی کیسون ,8/6/2025 12:00:00 AM,در حال تکمیل فعالیتهای اجرایی
TEL-08,Telecom System for Substation,FORM A,CONTRACTOR,واحد H.O.S کیسون,8/7/2025 12:00:00 AM,آماده سازی و ارسال
TEL-08,Telecom System for Substation,FORM A,PRECOM,واحد پیش راه اندازی سبلان,8/8/2025 12:00:00 AM,بررسی جهت تائید 
TEL-08,Telecom System for Substation,FORM A,TPA,TPA (IEI),8/9/2025 12:00:00 AM,پانچ گذاری
TEL-08,Telecom System for Substation,FORM B,CONTRACTOR,واحد H.O.S کیسون,9/9/2025 12:00:00 AM,دریافت جهت بررسی و ثبت پانچ
TEL-08,Telecom System for Substation,FORM B,CONTRACTOR,شرکت نیرو آرا اندیش,9/10/2025 12:00:00 AM,دریافت جهت رفع پانچ
TEL-09,Telecom System for Control Building,Execution Activities,CONTRACTOR,واحد اجرایی کیسون ,12/29/2025 12:00:00 AM,در حال تکمیل فعالیتهای اجرایی
TEL-10,Telecom System for Laboratory,Execution Activities,CONTRACTOR,واحد اجرایی کیسون ,12/29/2025 12:00:00 AM,در حال تکمیل فعالیتهای اجرایی
TEL-11,CCTV,Execution Activities,CONTRACTOR,واحد اجرایی کیسون ,12/29/2025 12:00:00 AM,در حال تکمیل فعالیتهای اجرایی
TEL-12,Telecom System for Analyzer House,Execution Activities,CONTRACTOR,واحد اجرایی کیسون ,8/6/2025 12:00:00 AM,در حال تکمیل فعالیتهای اجرایی
TEL-12,Telecom System for Analyzer House,FORM A,CONTRACTOR,واحد H.O.S کیسون,8/7/2025 12:00:00 AM,آماده سازی و ارسال
TEL-12,Telecom System for Analyzer House,FORM A,PRECOM,واحد پیش راه اندازی سبلان,8/8/2025 12:00:00 AM,بررسی جهت تائید 
TEL-12,Telecom System for Analyzer House,FORM A,TPA,TPA (IEI),8/9/2025 12:00:00 AM,پانچ گذاری
TEL-12,Telecom System for Analyzer House,FORM B,CONTRACTOR,واحد H.O.S کیسون,9/9/2025 12:00:00 AM,دریافت جهت بررسی و ثبت پانچ
TEL-12,Telecom System for Analyzer House,FORM B,CONTRACTOR,شرکت نیرو آرا اندیش,9/10/2025 12:00:00 AM,دریافت جهت رفع پانچ
